0,0,-88.92,7.4483
15,0,-84.654,7.5246
30,0,-87.996,7.0249
45,0,-85.673,7.0279
60,0,-86.384,6.9625
75,0,-83.164,6.7008
90,0,-83.846,6.0604
105,0,-87.271,5.6556
120,0,-88.47,4.9212
135,0,-83.277,4.7448
150,0,-87.002,4.8759
165,0.0050566,-89.168,4.5624
180,0,-82.913,4.833
195,0.00068552,-82.363,5.2667
210,0,-88.87,5.0858
225,0,-86.723,4.9905
240,0,-92.688,4.6995
255,0,-92.028,4.4707
270,0,-90.719,4.3007
285,0,-92.131,4.1558
300,0,-94.189,3.6358
315,0,-86.054,3.342
330,0,-111.02,3.0178
345,0,-111.32,3.2202
360,0,-111.12,3.0364
375,0.21291,-108.07,3.021
390,1.0022,-114.6,2.8425
405,3.1222,-106.81,2.94
420,5.5834,-118.72,3.6792
435,8.222,-122.64,4.097
450,13.603,-114.98,4.9903
465,18.622,-134.18,6.1684
480,23.388,-142.73,8.143
495,26.9,-137.27,8.4092
510,30.743,-142.73,8.983
525,36.053,-118.99,8.85
540,40.117,-137.53,9.9766
555,43.882,-127.76,11.416
570,47.741,-153.08,12.239
585,51.631,-191.42,13.404
600,55.22,-183.12,14.333
615,58.497,-178.87,15.123
630,61.747,-171.68,15.219
645,64.919,-138.98,15.991
660,67.589,-114.12,16.705
675,69.781,-123.37,16.979
690,72.025,-104.42,17.646
705,74.133,-103.18,18.393
720,71.462,-115.52,18.102
735,77.121,-100.85,18.273
750,77.91,-102.25,18.606
765,77.811,-124.04,18.852
780,77.924,-105.36,19.524
795,77.899,-104.11,19.826
810,77.799,-108.17,20.097
825,74.706,-105.14,20.709
840,74.748,-149.52,21.075
855,62.377,-148.92,21.42
870,57.848,-180.1,21.485
885,58.466,-200.01,22.067
900,45.98,-201.8,21.732
915,58.866,-157.11,21.981
930,56.214,-147.73,22.313
945,54.349,-111.05,22.446
960,55.326,-105.35,22.481
975,59.25,-86.079,22.874
990,53.764,-101.21,23.193
1005,46.874,-105.21,23.904
1020,43.251,-108.13,24.043
1035,40.505,-106.03,24.089
1050,24.391,-128.76,24.171
1065,21.88,-118.29,23.739
1080,27.286,-116.35,24.048
1095,26.828,-109.3,24.17
1110,18.938,-125.57,24.07
1125,12.225,-124.82,23.911
1140,7.7423,-129,23.644
1155,7.8408,-123.9,23.514
1170,5.0021,-130.54,23.222
1185,2.5458,-120.6,22.692
1200,0.85421,-120.23,22.145
1215,0.12384,-109.62,21.581
1230,0,-117.81,21.072
1245,0,-99.785,20.692
1260,0,-102.47,20.167
1275,0,-100.65,19.743
1290,0,-98.817,19.355
1305,0,-95.936,18.926
1320,0,-92.389,18.584
1335,0,-90.363,18.071
1350,0.0021007,-96.706,17.49
1365,0,-95.194,17.394
1380,0,-99.515,16.538
1395,0,-95.379,15.349
1410,0,-98.942,14.084
1425,0,-92.025,14.047
1440,0,-97.713,13.883
1455,0,-101.61,13.21
1470,0,-94.538,13.465
1485,0,-98.466,12.828
1500,0,-86.834,12.356
1515,0,-90.525,12.464
1530,0,-94.004,11.921
1545,0,-90.458,11.57
1560,0,-99.845,11.288
1575,0,-88.105,10.369
1590,0,-87.399,10.22
1605,0.00062465,-87.142,10.401
1620,0,-94.636,10.398
1635,0,-89.338,10.024
1650,0,-89.478,9.2114
1665,0,-86.09,8.8828
1680,0,-93.001,8.9168
1695,0,-100.04,8.8364
1710,0,-95.558,8.6624
1725,0,-102.58,8.6471
1740,0,-98.315,8.4774
1755,0,-95.27,8.2434
1770,0,-112.94,8.3233
1785,0,-113.6,8.07
1800,0.0011612,-118.97,7.9684
1815,0.22833,-112.96,7.704
1830,1.1366,-120.22,7.689
1845,3.3396,-105.96,7.8772
1860,6.4154,-129.03,8.4195
1875,9.7676,-145.95,9.4573
1890,13.825,-148.1,10.499
1905,17.899,-137.16,11.017
1920,22.044,-138.9,11.67
1935,25.086,-138.64,12.201
1950,29.057,-143.53,12.8
1965,34.307,-138.12,12.885
1980,38.499,-169.11,13.777
1995,41.801,-196.24,14.159
2010,32.857,-208.02,14.616
2025,49.414,-210.61,15.169
2040,52.161,-204.56,15.959
2055,49.421,-182.92,16.229
2070,30.83,-167.46,17.128
2085,46.216,-149.63,17.33
2100,65.212,-131.07,17.964
2115,66.732,-128.92,18.639
2130,69.107,-128.68,19.332
2145,54.646,-123.16,20.302
2160,73.138,-127.35,20.884
2175,73.107,-114.12,20.782
2190,74.079,-123.59,21.506
2205,74.726,-143.89,21.774
2220,74.981,-144.43,21.869
2235,75.031,-141.23,22.485
2250,74.901,-147.3,22.979
2265,71.954,-138.32,22.926
2280,72.931,-131.95,23.287
2295,73.187,-107.81,23.613
2310,71.584,-111.88,24.12
2325,69.125,-105.64,24.01
2340,65.75,-112.4,23.509
2355,64.399,-142.42,24.352
2370,62.975,-151.04,24.67
2385,58.026,-128.34,24.239
2400,54.611,-140.36,24.369
2415,55.241,-122.99,25.403
2430,47.983,-145.43,24.809
2445,44.8,-141.78,25.118
2460,38.141,-136.89,25.686
2475,20.412,-150.87,24.885
2490,32.169,-156.59,24.873
2505,35.476,-141.57,24.942
2520,30.665,-161.21,24.952
2535,23.773,-158.16,24.67
2550,10.896,-175.23,24.402
2565,6.9993,-165.72,23.759
2580,5.5778,-164.83,23.374
2595,6.1858,-149.75,23.339
2610,3.9514,-152,22.965
2625,2.1149,-141.3,22.508
2640,1.0008,-138.26,21.853
2655,0.075249,-126.09,21.011
2670,0,-132.91,20.223
2685,0,-122.19,19.568
2700,0,-116.71,18.84
2715,0,-123.57,18.354
2730,0,-119.5,18.108
2745,0,-127.58,17.439
2760,0,-120.87,16.975
2775,0,-131.15,16.177
2790,0,-124.87,15.7
2805,0.027232,-126.61,15.593
2820,0.10908,-126.4,16.452
2835,0,-122.41,16.35
2850,0,-118.98,16.175
2865,0,-106.53,15.571
2880,0,-109.18,15.051
2895,0,-101.43,14.522
2910,0,-103.46,14.3
2925,0,-113.09,14.07
2940,0,-117.51,13.564
2955,0,-131.8,13.365
2970,0,-131.78,12.664
2985,0,-131.55,12.877
3000,0,-132.2,12.483
3015,0,-122.05,12.512
3030,0.0031223,-128.37,12.411
3045,0,-112.27,12.274
3060,0,-116.33,12.033
3075,0,-116.47,11.79
3090,0,-107.41,11.555
3105,0.00023064,-112.18,11.225
3120,0,-108.26,11.11
3135,0,-108.32,10.893
3150,0,-116.6,10.805
3165,0,-124.99,10.604
3180,0,-135.03,10.547
3195,0,-139.13,10.389
3210,0.0098094,-137.49,10.188
3225,0,-137.79,10.206
3240,0.01643,-132.11,10.472
3255,0.36408,-133.81,10.705
3270,1.9953,-114.72,10.715
3285,4.7118,-114.54,11.077
3300,4.3884,-107.38,11.356
3315,4.2369,-103.96,11.588
3330,7.747,-103.95,11.78
3345,6.9767,-97.899,12.273
3360,6.1576,-104.5,12.535
3375,8.0951,-108.6,12.624
3390,10.042,-102.12,12.996
3405,10.419,-97.241,13.108
3420,14.767,-92.242,13.561
3435,21.915,-89.487,14.076
3450,22.721,-82.034,14.623
3465,26.121,-86.47,15.42
3480,27.238,-91.525,15.76
3495,35.804,-80.549,16.411
3510,57.596,-71.78,17.054
3525,55.084,-73.772,18.417
3540,57.668,-79.225,18.388
3555,80.386,-50.79,19.673
3570,55.729,-80.789,20.056
3585,43.679,-86.313,20.485
3600,44.805,-91.089,20.647
3615,50.811,-78.427,21.256
3630,41.626,-80.628,21.198
3645,54.878,-78.28,21.308
3660,45.85,-67.366,21.45
3675,67.193,-58.163,21.721
3690,66.153,-54.544,22.581
3705,38.729,-89.758,22.304
3720,32.011,-92.969,21.924
3735,80.194,-59.987,22.342
3750,73.221,-71.14,22.503
3765,74.369,-75.151,23.108
3780,74.597,-69.335,23.979
3795,66.468,-79.58,24.054
3810,60.344,-78.347,23.988
3825,64.31,-74.822,24.762
3840,61.433,-71.652,24.612
3855,60.099,-72.501,24.688
3870,53.409,-66.395,24.503
3885,54.325,-86.447,24.851
3900,21.801,-103.15,24.453
3915,29.197,-96.425,24.247
3930,13.516,-104.29,24.076
3945,4.8906,-109.34,23.525
3960,3.4681,-109.54,23.192
3975,3.5081,-112.81,22.24
3990,6.2627,-105.33,21.598
4005,11.798,-107.93,21.366
4020,7.0895,-107.88,20.174
4035,3.06,-122.65,19.524
4050,1.1716,-123.12,19.44
4065,0.37116,-137.19,19.356
4080,0.010055,-124.63,18.66
4095,0,-129.69,17.972
4110,0,-125.81,17.688
4125,0,-120.18,17.521
4140,0,-119.78,17.564
4155,0,-116.36,17.38
4170,0,-117.4,17.191
4185,0,-107.7,16.995
4200,0,-120.73,16.687
4215,0,-110.44,16.414
4230,0,-122.61,16.248
4245,0,-117.24,16.143
4260,0,-111.87,16.053
4275,0,-116.47,15.736
4290,0,-109.84,15.273
4305,0,-119.45,15.054
4320,0,-113.9,14.911
4335,0,-116,14.872
4350,0,-118.49,14.158
4365,0,-130.92,13.691
4380,0,-122.31,13.441
4395,0,-120.88,13.137
4410,0,-118.24,12.911
4425,0,-122,12.562
4440,0,-121.24,12.236
4455,0,-125.73,12.082
4470,0,-118.7,11.89
4485,0,-122.36,11.719
4500,0,-118.92,11.623
4515,0,-123.23,11.527
4530,0,-117.92,11.521
4545,0,-123.56,11.394
4560,7.9283e-05,-118.23,11.324
4575,0,-124.21,10.817
4590,0,-123.9,10.556
4605,0,-117.07,10.426
4620,0,-120.49,10.483
4635,0,-121.49,10.399
4650,0.047105,-119.43,10.531
4665,0.02599,-120.73,11.02
4680,0,-117.38,11.333
4695,0.036535,-118.83,11.357
4710,0.57306,-111.85,10.949
4725,2.4854,-122.13,10.775
4740,4.8743,-110.45,10.459
4755,8.2993,-111.37,10.609
4770,12.791,-113.48,11.152
4785,16.44,-102.48,12.446
4800,19.385,-106.6,12.976
4815,19.756,-97.37,13.399
4830,15.506,-101.29,13.211
4845,14.683,-98.09,13.333
4860,28.569,-92.967,13.654
4875,20.483,-103.32,14.285
4890,7.5738,-112.86,14.055
4905,20.202,-106.17,14.293
4920,5.9443,-110.49,14.317
4935,7.458,-110.73,13.469
4950,7.4321,-115.22,13.057
4965,39.226,-82.265,13.321
4980,66.954,-59.93,14.864
4995,54.557,-69.483,15.61
5010,74.795,-60.103,16.47
5025,38.916,-79.635,16.742
5040,32.571,-91.03,16.175
5055,26.761,-86.295,16.004
5070,31.493,-91.159,16.04
5085,28.965,-94.133,16.132
5100,50.605,-71.42,16.613
5115,58.536,-66.759,17.538
5130,33.053,-85.579,17.379
5145,20.982,-103.69,17.05
5160,25.885,-87.109,17.397
5175,31.222,-92.123,17.658
5190,32.847,-79.985,17.387
5205,47.098,-74.1,17.777
5220,64.411,-53.321,18.268
5235,39.455,-83.822,17.277
5250,42.571,-75.163,17.289
5265,51.281,-72.749,17.496
5280,59.539,-62.532,18.093
5295,57.234,-70.298,18.021
5310,54.403,-63.015,18.156
5325,52.451,-68.858,18.077
5340,37.875,-78.289,18.097
5355,33.914,-82.231,17.889
5370,17.756,-100.27,17.338
5385,27.133,-84.002,17.002
5400,26.196,-92.971,17.234
5415,23.721,-90.034,16.996
5430,18.969,-102.39,16.985
5445,10.876,-101.72,16.864
5460,13.968,-105.66,16.79
5475,9.8465,-107.14,16.926
5490,6.1166,-107.19,16.643
5505,3.5501,-115.24,16.255
5520,1.508,-110.36,15.933
5535,0.34725,-114.59,15.544
5550,0.0028743,-111.75,15.076
5565,0,-120.23,14.375
5580,0,-109.32,13.879
5595,0,-117.41,13.489
5610,0,-112.37,13.057
5625,0,-116.15,12.732
5640,0,-118.95,12.369
5655,0,-114.14,11.997
5670,0,-112.83,11.902
5685,0,-115.48,11.517
5700,0.00058621,-110.84,11.443
5715,0.0019034,-119.88,11.431
5730,0,-108.72,11.337
5745,0,-119.73,11.317
5760,0.00014896,-117.37,11.251
5775,0.0002883,-111.81,11.3
5790,0,-114.82,11.045
5805,0,-111.26,10.726
5820,0,-118.71,10.44
5835,0,-115.02,10.106
5850,0,-113.41,9.9731
5865,0,-118.31,9.789
5880,0,-113.99,9.6087
5895,0,-116.81,9.4839
5910,0,-115.22,9.2226
5925,0,-114.53,8.9213
5940,0,-117.15,8.7399
5955,0.0006727,-111.72,8.6431
5970,0,-121.18,8.6821
5985,0,-106.64,8.4622
6000,0,-120.57,8.2934
6015,0,-124.84,8.2307
6030,0,-124.33,8.0752
6045,0,-116.8,7.5816
6060,0,-117.48,7.3296
6075,0.0045656,-119.92,7.3437
6090,0.01829,-140.17,7.4287
6105,0.0079391,-140.98,7.4068
6120,0.12434,-148.3,7.6979
6135,0.48547,-147.29,7.6943
6150,1.5021,-146.02,7.4098
6165,4.8613,-144.44,7.4395
6180,8.2681,-149.89,7.5604
6195,12.118,-158.07,8.3265
6210,16.37,-145.9,9.0385
6225,20.648,-157.39,9.4362
6240,25.272,-154.47,10.007
6255,29.93,-158.87,10.388
6270,34.446,-149.59,10.731
6285,38.934,-152.66,11.457
6300,43.21,-148.71,11.717
6315,47.368,-141.96,12.106
6330,51.438,-151.17,12.661
6345,55.445,-180.45,12.985
6360,59.082,-176.81,13.693
6375,62.596,-182.73,13.808
6390,65.672,-171.48,14.086
6405,68.761,-177.05,14.571
6420,71.404,-155.78,15.24
6435,73.302,-145.43,15.72
6450,75.427,-135.93,15.645
6465,77.122,-126.81,15.762
6480,78.667,-123.13,15.971
6495,79.919,-123.23,16.183
6510,80.915,-128.66,16.469
6525,81.471,-139.12,17.163
6540,81.858,-138.96,17.367
6555,81.75,-127.12,17.273
6570,81.778,-146.46,17.884
6585,80.784,-146.8,18.066
6600,79.941,-157.88,18.2
6615,78.554,-78.124,18.928
6630,76.988,-84.463,19.102
6645,75.374,-126.05,19.075
6660,73.22,-121.78,19.472
6675,70.884,-128.69,19.703
6690,68.293,-123.95,19.775
6705,65.726,-133.5,19.903
6720,62.526,-93.105,19.846
6735,58.895,-144.38,20.196
6750,55.25,-102.46,20.41
6765,51.121,-104.15,20.156
6780,47.279,-104.49,20.035
6795,43.252,-105.95,20.073
6810,39.016,-99.236,20.164
6825,34.749,-110.58,19.989
6840,30.36,-109.8,19.877
6855,25.995,-121.4,19.827
6870,21.759,-116.93,19.524
6885,17.621,-117.76,19.31
6900,13.628,-115.85,18.922
6915,10.034,-113.2,18.501
6930,6.8008,-114.93,18.099
6945,3.9945,-114.62,17.625
6960,1.7719,-105.85,17.187
6975,0.46368,-101.1,16.664
6990,0.015292,-100.94,16.206
7005,0,-111.03,15.829
7020,0,-95.915,15.583
7035,0,-89.259,15.344
7050,0,-93.799,15.082
7065,0,-96.705,14.789
7080,0,-89.977,14.503
7095,0,-91.69,14.276
7110,0,-94.522,13.992
7125,0,-96.513,13.727
7140,0,-84.81,13.528
7155,0,-102.66,13.283
7170,0,-91.12,12.887
7185,0,-90.281,12.607
7200,0,-91.181,12.379
7215,0.00072075,-90.182,12.296
7230,0,-82.857,12.11
7245,0.0001874,-83.86,12.057
7260,0,-89.898,12.064
7275,0,-78.07,11.953
7290,0,-89.751,11.828
7305,0,-82.198,11.672
7320,0,-83.574,11.494
7335,0,-81.897,11.386
7350,0.0087704,-82.398,11.398
7365,0,-81.507,11.453
7380,0,-88.457,11.403
7395,0,-81.072,11.208
7410,0,-86.301,11.067
7425,0,-88.021,10.928
7440,0,-87.603,10.819
7455,0,-99.603,10.779
7470,0,-88.566,10.691
7485,0,-91.274,10.425
7500,0,-90.929,10.108
7515,0,-89.966,9.8714
7530,0,-104.92,9.7389
7545,0,-115.37,9.5741
7560,0.026685,-105.62,9.3532
7575,0.49542,-109.24,9.2222
7590,1.6494,-106.74,7.5681
7605,5.5107,-107.67,7.5228
7620,9.0982,-123.55,7.2681
7635,13.245,-113.08,7.3892
7650,17.715,-143.65,8.5719
7665,22.325,-131.17,9.6053
7680,26.747,-132.5,10.179
7695,31.18,-137.91,10.695
7710,35.777,-146.18,11.665
7725,40.421,-138.76,12.444
7740,44.758,-144.36,13.134
7755,48.917,-140.16,13.763
7770,53.1,-140.11,14.29
7785,56.891,-134.06,14.512
7800,60.489,-148.57,15.022
7815,64.051,-167.01,15.141
7830,67.004,-180.35,15.724
7845,69.749,-181.27,16.023
7860,72.311,-175.04,16.158
7875,74.458,-183.66,16.389
7890,76.551,-176.04,16.939
7905,78.2,-204.51,17.299
7920,79.751,-175.06,17.784
7935,80.663,-172.73,18.637
7950,81.409,-169,18.515
7965,82.023,-164.5,18.917
7980,82.223,-171.39,19.131
7995,82.355,-133.47,19.452
8010,82.091,-116.03,19.688
8025,81.401,-116.82,20.263
8040,80.474,-115.95,20.341
8055,79.337,-123.31,20.66
8070,77.866,-167.52,21.048
8085,75.518,-180.08,21.411
8100,73.371,-185.73,21.553
8115,70.787,-209.4,21.51
8130,68.725,-216.25,21.675
8145,65.924,-184.84,21.707
8160,62.815,-144.38,21.869
8175,59.14,-91.145,22.096
8190,55.721,-94.242,22.059
8205,52.014,-105.21,22.213
8220,47.917,-94.514,21.951
8235,43.904,-97.904,22.031
8250,39.621,-104.93,22.049
8265,35.233,-101.59,21.859
8280,30.742,-111.61,21.687
8295,26.512,-116.65,21.513
8310,22.263,-114.37,21.364
8325,18.137,-128.01,21.241
8340,14.23,-123.8,21.133
8355,10.481,-120.38,20.911
8370,7.0616,-128.37,20.599
8385,4.3639,-119.06,20.211
8400,1.8828,-106.81,19.777
8415,0.57885,-112.65,19.301
8430,0.012792,-102.52,18.847
8445,0,-93.233,18.635
8460,0,-99.434,18.376
8475,0,-90.943,18.044
8490,0,-90.341,17.671
8505,0,-97.866,17.278
8520,0.00060735,-90.448,17.149
8535,0,-89.948,16.983
8550,0,-101.61,16.742
8565,0,-89.626,16.488
8580,0,-98.348,16.213
8595,0,-100.07,15.999
8610,0,-90.283,15.752
8625,0,-100.76,15.459
8640,0,-93.177,15.112
8655,0.001081,-95.197,14.945
8670,0.00073277,-101.09,14.779
8685,0,-88.673,14.344
8700,0,-90.223,13.624
8715,0,-95.643,13.255
8730,0,-87.124,13.135
8745,0,-93.111,12.994
8760,0.0024663,-85.823,13.018
8775,0,-82.479,13.031
8790,0.0010073,-94.221,12.951
8805,0,-83.806,12.764
8820,0,-86.272,12.793
8835,0,-86.583,12.659
8850,0.00036518,-82.425,12.536
8865,0,-85.301,12.355
8880,0,-101.05,11.907
8895,0,-93.515,11.662
8910,0,-94.514,11.404
8925,0,-98.979,11.299
8940,0,-90.203,11.104
8955,0,-97.841,11.06
8970,0,-112.88,10.963
8985,0,-110.09,10.988
9000,0.076017,-110.39,10.712
9015,0.69742,-112.78,10.588
9030,1.8281,-109.48,10.304
9045,6.1034,-117.01,10.184
9060,9.6147,-118.09,10.179
9075,13.709,-123.71,10.699
9090,18.258,-146.13,11.494
9105,22.781,-139.23,12.088
9120,27.311,-137.03,12.609
9135,31.767,-153.75,13.005
9150,36.155,-193.41,13.208
9165,40.479,-200.29,13.669
9180,44.717,-243.59,14.356
9195,48.736,-204.49,14.699
9210,52.888,-211.31,15.158
9225,56.728,-140.33,15.56
9240,60.485,-108.35,15.949
9255,63.902,-100.38,16.155
9270,67.009,-102.53,16.522
9285,69.817,-153.46,16.794
9300,72.413,-131.33,17.253
9315,74.821,-120.8,17.633
9330,76.864,-118.48,18.027
9345,78.38,-125.14,18.225
9360,79.885,-128.99,18.822
9375,80.816,-118.91,19.087
9390,81.624,-126.57,19.608
9405,82.264,-113.52,20.039
9420,82.319,-103.18,20.822
9435,82.327,-107.03,20.923
9450,82.347,-109.45,20.983
9465,81.606,-100.04,21.19
9480,80.447,-109.34,21.716
9495,79.444,-120.64,21.797
9510,77.952,-121.47,21.835
9525,76.1,-155.66,22.203
9540,73.792,-187.43,22.317
9555,71.567,-168.18,22.671
9570,69.141,-165.7,22.724
9585,65.968,-165.96,23.141
9600,62.74,-180.23,22.926
9615,59.7,-237,23.434
9630,55.705,-218.66,23.614
9645,51.964,-167,23.344
9660,48.169,-155.19,23.369
9675,44.205,-139.76,23.414
9690,40.137,-150.23,23.308
9705,35.832,-156.39,23.408
9720,31.456,-148.5,23.19
9735,27.103,-161.18,23.051
9750,22.87,-161.23,22.919
9765,18.588,-159.71,22.956
9780,14.405,-172.58,22.562
9795,10.539,-163.41,22.23
9810,7.1963,-168.28,21.726
9825,4.4554,-169.01,21.289
9840,2.0976,-150.44,20.793
9855,0.63082,-153.88,20.238
9870,0.04516,-148.72,19.843
9885,0,-139.86,19.445
9900,0,-127.73,19.012
9915,0,-125.79,18.331
9930,0,-118.38,16.749
9945,0,-125.33,16.074
9960,0,-124.17,15.736
9975,0,-116.81,15.558
9990,0,-115.35,15.157
10005,0,-131.33,14.862
10020,0,-130.08,14.473
10035,0,-120.24,14.234
10050,0,-135.07,13.942
10065,0,-125.77,13.742
10080,0,-119.64,13.419
10095,0,-119.88,13.201
10110,0.0030522,-123.51,13.084
10125,0,-121.05,12.841
10140,0,-120.39,12.507
10155,0,-118.07,12.289
10170,0,-117.76,11.837
10185,0,-119.98,11.423
10200,0,-116.86,10.852
10215,0,-111.22,10.472
10230,0.00035365,-118.11,9.9136
10245,0,-110.34,9.0206
10260,0.0055001,-110.72,9.0319
10275,0.02339,-119.98,8.7109
10290,0.026296,-110.81,9.0093
10305,0,-115.06,8.3754
10320,0,-134.11,8.2636
10335,0.00065348,-123.27,8.2184
10350,0,-122.88,7.7281
10365,0,-122.52,7.5769
10380,0,-130.03,7.6198
10395,0.0044223,-121.45,7.0223
10410,0.27851,-138.71,7.7425
10425,0.23625,-141.88,8.745
10440,0.1969,-141.6,8.619
10455,0.59132,-139.58,8.1028
10470,2.3375,-138.41,7.8296
10485,6.4235,-140.56,8.0844
10500,10.061,-142.57,9.2171
10515,13.905,-153.11,9.5913
10530,18.303,-143.92,10.304
10545,22.859,-145.15,11.313
10560,27.294,-154.29,11.56
10575,31.761,-158.53,12.522
10590,36.013,-142.7,13.176
10605,40.306,-147.27,13.62
10620,44.474,-185.88,14.324
10635,48.444,-207.57,14.91
10650,52.378,-180.65,15.254
10665,55.891,-170.1,15.329
10680,59.347,-195.69,16.188
10695,62.744,-212.89,16.577
10710,65.687,-199.77,16.889
10725,68.739,-183.97,17.535
10740,71.459,-127.25,17.496
10755,73.84,-97.379,18.081
10770,75.755,-99.836,18.443
10785,77.463,-91.81,18.681
10800,78.998,-78.301,18.608
10815,80.49,-82.876,19.173
10830,81.071,-64.435,19.275
10845,81.392,-71.588,19.784
10860,81.395,-84.084,20.074
10875,81.431,-74.04,20.691
10890,80.99,-77.766,20.499
10905,80.766,-83.002,20.939
10920,79.506,-76.134,21.464
10935,78.021,-142.31,21.396
10950,77.261,-146.89,21.693
10965,75.559,-154.64,21.948
10980,73.164,-153.76,22.084
10995,70.758,-154.83,22.193
11010,68.428,-156.53,22.244
11025,65.476,-157.25,22.483
11040,62.712,-84.087,22.547
11055,59.126,-89.441,22.576
11070,55.876,-103.7,22.939
11085,51.902,-104.58,23.023
11100,47.98,-104.06,23.372
11115,43.888,-116.97,23.43
11130,39.583,-111.8,23.021
11145,35.551,-115.89,22.895
11160,31.212,-121.21,23.062
11175,27.036,-118.48,22.879
11190,22.675,-127.2,22.895
11205,18.353,-123.91,22.792
11220,13.289,-120.17,22.594
11235,10.853,-119.06,22.512
11250,7.1792,-116.5,22.4
11265,4.295,-122.42,21.473
11280,1.58,-114.24,20.542
11295,0.27678,-108.32,19.313
11310,0.0042458,-111.96,18.208
11325,0,-111.19,17.151
11340,0,-93.093,16.53
11355,0,-96.846,16.074
11370,0,-84.881,15.532
11385,0,-90.032,14.617
11400,0,-100.35,13.709
11415,0,-84.156,13.575
11430,0,-87.736,12.714
11445,0,-86.906,12.306
11460,0,-89.006,12.051
11475,0,-87.811,11.855
11490,0,-96.877,11.131
11505,0,-80.998,10.911
11520,0,-85.368,10.134
11535,0,-96.468,9.8296
11550,0,-91.506,9.8058
11565,0,-90.155,9.6874
11580,0,-95.913,9.1861
11595,0,-87.924,9.0261
11610,0,-88.26,8.8633
11625,0,-92.211,9.0416
11640,0,-95.979,8.5962
11655,0,-89.418,8.0979
11670,0,-101.43,7.9265
11685,0,-87.944,7.4952
11700,0.014806,-97.702,6.8585
11715,0,-96.124,6.6206
11730,0,-85.912,6.5493
11745,0,-86.934,6.711
11760,0,-98.557,6.9285
11775,0,-101.02,6.5039
11790,0,-92.302,6.2016
11805,0,-94.268,6.1665
11820,0,-100.87,5.9504
11835,0,-96.195,5.5898
11850,0,-123.56,5.6534
11865,0.0048908,-124.73,5.7345
11880,0.083592,-109.61,5.8989
11895,0.68116,-112.71,5.9762
11910,1.819,-115.83,5.9186
11925,3.1265,-112.14,6.3318
11940,5.253,-129.1,6.5916
11955,7.6402,-127.33,7.1522
11970,9.6441,-115.36,7.8053
11985,13.416,-119.51,8.0608
12000,14.674,-120.39,8.825
12015,16.12,-123.56,9.2546
12030,25.356,-122.53,10.027
12045,28.069,-118.61,10.897
12060,35.504,-125.69,11.373
12075,35.687,-132.76,12.073
12090,43.419,-155.38,13.226
12105,35.189,-166.87,14.158
12120,33.838,-179.78,14.48
12135,57.977,-163.06,15.644
12150,60.414,-160.53,16.683
12165,63.146,-168.08,17.087
12180,65.331,-162.65,17.906
12195,73.645,-158.6,18.596
12210,75.377,-160.55,19.04
12225,78.201,-169.82,19.223
12240,75.585,-156.51,20.265
12255,72.061,-160.84,20.435
12270,72.026,-147.26,21.256
12285,63.154,-160.15,21.105
12300,67.803,-163.97,21.647
12315,83.341,-141.85,21.856
12330,79.898,-172.16,22.38
12345,53.409,-179.94,21.996
12360,72.561,-172.09,22.092
12375,72.007,-191.26,22.527
12390,67.19,-178.9,22.587
12405,74.956,-167.58,22.833
12420,72.385,-167.69,22.956
12435,70.662,-194.94,23.285
12450,59.917,-212.25,23.138
12465,43.305,-226.51,22.721
12480,65.886,-194.85,23.132
12495,63.104,-190.01,23.159
12510,59.693,-193.64,23.14
12525,50.716,-148.51,23.184
12540,45.654,-85.606,23.413
12555,41.38,-91.676,23.43
12570,37.854,-87.986,23.356
12585,33.012,-87.709,23.443
12600,27.854,-100.14,22.989
12615,23.424,-100.87,22.855
12630,17.608,-94.905,22.692
12645,10.306,-111.08,22.193
12660,10.406,-98.366,21.989
12675,6.771,-99.548,21.713
12690,5.0758,-106.28,21.166
12705,3.8985,-104.48,20.67
12720,3.1943,-88.205,20.203
12735,1.3032,-90.303,19.774
12750,0.19654,-96.528,19.352
12765,0.0020479,-89.005,18.916
12780,0,-79.743,18.608
12795,0,-79.566,18.188
12810,0.00028189,-72.44,17.95
12825,0,-81.271,17.7
12840,0,-75.246,17.474
12855,0,-73.64,17.175
12870,0,-80.852,16.987
12885,0,-73.648,16.595
12900,0,-74.73,16.246
12915,0,-81.128,15.988
12930,0,-75.985,15.893
12945,0,-74.271,15.767
12960,0,-76.497,14.46
12975,0,-72.987,14.312
12990,0.0047704,-71.345,14.523
13005,0.0025637,-76.4,14.012
13020,0,-71.519,13.452
13035,0,-69.712,12.866
13050,0.0086672,-78.804,12.502
13065,0.0046932,-68.017,12.266
13080,0.000961,-71.363,11.821
13095,0.11065,-76.353,12.232
13110,0.10805,-68.828,12.435
13125,0,-72.226,12.021
13140,0,-75.244,11.685
13155,0,-69.47,11.301
13170,0,-75.77,11.091
13185,0.00059407,-74.312,11.097
13200,0,-69,10.873
13215,0,-72.481,9.7396
13230,0.015869,-71.433,9.3303
13245,0.12856,-71.866,10.039
13260,0.014097,-76.454,9.9241
13275,0.0079963,-69.994,10.116
13290,0,-69.048,9.8804
13305,0.003919,-68.596,9.4088
13320,0.25486,-77.599,9.2216
13335,0.94731,-67.482,9.1304
13350,3.0967,-66.908,9.1053
13365,7.1913,-71.928,9.0513
13380,10.607,-66.655,8.6459
13395,14.542,-64.325,8.5202
13410,18.74,-65.735,8.6689
13425,23.03,-54.266,8.816
13440,27.594,-51.986,8.7596
13455,31.985,-49.775,9.1794
13470,30.981,-43.529,9.0533
13485,32.424,-48.49,9.0356
13500,47.338,-36.005,9.2881
13515,51.203,-22.395,9.3519
13530,55.055,-28.287,9.6407
13545,57.683,-23.202,9.8226
13560,60.627,-16.241,9.723
13575,64.686,-18.613,10.17
13590,68.285,-14.416,10.412
13605,70.322,-8.2773,10.729
13620,72.751,-11.772,11.115
13635,74.887,-6.2618,11.599
13650,76.945,-10.941,12.033
13665,78.881,-2.1924,12.418
13680,80.353,0.48109,12.346
13695,81.12,3.8155,12.92
13710,81.968,2.6609,13.149
13725,82.845,1.2687,13.233
13740,83.108,7.9936,13.847
13755,83.24,-2.7916,14.246
13770,82.44,3.5699,14.823
13785,81.645,7.946,14.771
13800,80.718,-1.2786,15.456
13815,79.552,2.6563,15.576
13830,78.135,-7.9545,16.01
13845,76.411,-1.4678,16.61
13860,74.452,-3.724,16.471
13875,72.227,2.9815,17.114
13890,69.487,-7.1127,17.054
13905,66.452,-14.924,17.023
13920,63.942,-10.649,17.051
13935,60.713,-17.102,17.163
13950,57.16,-19.486,17.5
13965,53.354,-15.427,17.831
13980,46.76,-31.471,17.694
13995,45.106,-30.932,17.879
14010,40.939,-31.119,17.832
14025,36.608,-39.112,17.704
14040,32.631,-45.154,17.522
14055,28.206,-40.994,17.724
14070,23.91,-56.408,17.458
14085,19.821,-58.539,17.417
14100,15.811,-56.612,17.23
14115,11.986,-68.812,16.991
14130,8.3975,-67.202,16.721
14145,5.3552,-68.084,16.418
14160,2.846,-69.724,15.921
14175,0.94687,-69.941,15.493
14190,0.10808,-66.054,14.851
14205,0,-67.089,14.387
14220,0,-72.564,13.982
14235,0,-70.366,13.795
14250,0,-72.533,13.273
14265,0,-73.853,12.779
14280,0,-68.494,12.288
14295,0,-72.938,11.799
14310,0,-73.164,10.594
14325,0,-69.746,10.407
14340,0.0010229,-71.507,10.157
14355,0.017138,-72.513,10.115
14370,0.15788,-69.265,10.187
14385,0.010402,-71.918,10.171
14400,0,-71.783,9.5772
14415,0,-68.013,9.2504
14430,0,-77.97,8.7654
14445,0,-71.022,8.1923
14460,0,-71.294,7.9152
14475,0,-74.539,7.7806
14490,0,-80.597,7.5133
14505,0,-66.444,6.9634
14520,0,-72.176,6.6973
14535,0.0040047,-73.912,6.7537
14550,0,-71.249,6.3932
14565,0.0045209,-72.835,6.1362
14580,0.003703,-73.333,6.1675
14595,0.0022331,-73.81,6.0349
14610,0,-73.123,5.9168
14625,0,-72.134,5.776
14640,0,-72.402,5.5795
14655,0,-74.636,5.3065
14670,0,-73.834,5.1809
14685,0,-71.207,5.0405
14700,0,-72.206,4.7716
14715,0,-72.463,4.7893
14730,0,-71.799,4.7052
14745,0.005962,-73.254,4.4777
14760,0.32083,-71.167,4.3959
14775,1.0992,-66.331,4.3672
14790,3.3524,-71.888,4.4298
14805,6.8977,-67.442,4.9156
14820,10.876,-68.049,5.6694
14835,15.032,-63.77,6.5218
14850,19.034,-68.778,7.3075
14865,23.95,-49.06,7.9331
14880,28.508,-46.082,8.3909
14895,32.969,-48.446,9.0983
14910,37.288,-36.425,9.8063
14925,41.419,-33.822,10.551
14940,45.649,-33.796,11.169
14955,49.587,-27.58,11.883
14970,53.415,-27.363,12.667
14985,57.029,-22.476,13.186
15000,60.483,-13.349,13.891
15015,63.734,-15.441,14.573
15030,66.714,-7.1133,14.838
15045,69.575,-4.8407,15.406
15060,72.13,-11.738,16.157
15075,74.336,-4.4614,16.356
15090,76.139,-0.16651,16.857
15105,77.872,-2.7935,16.834
15120,79.422,2.0466,17.618
15135,80.473,3.4474,17.421
15150,82.144,-1.8484,17.944
15165,82.853,2.2644,18.087
15180,82.776,3.5962,18.413
15195,82.118,1.295,18.697
15210,81.859,-0.89458,18.846
15225,81.011,5.4339,19.067
15240,80.091,0.35557,18.932
15255,79.299,-2.1476,19.517
15270,77.577,-0.27725,19.935
15285,75.922,-3.1983,19.632
15300,71.704,-9.4157,19.989
15315,70.41,-5.1445,20.324
15330,68.473,-8.5389,20.543
15345,65.574,-14.882,20.686
15360,62.438,-10.408,20.069
15375,59.391,-17.94,20.087
15390,55.917,-20.753,20.555
15405,52.316,-21.821,20.585
15420,48.351,-27.888,20.868
15435,44.324,-32.094,20.976
15450,40.283,-31.368,20.46
15465,36.047,-39.241,20.699
15480,31.764,-48.776,20.782
15495,27.424,-44.069,20.79
15510,23.144,-50.737,20.909
15525,19.113,-63.767,20.669
15540,15.32,-59.801,20.254
15555,11.658,-62.109,20.269
15570,6.5168,-72.023,19.866
15585,5.117,-66.808,19.579
15600,2.6799,-66.209,18.914
15615,0.85919,-74.384,17.594
15630,0.063284,-68.662,16.675
15645,0,-67.724,15.813
15660,0,-76.08,15.048
15675,0,-70.046,14.111
15690,0,-69.237,13.755
15705,0,-75.127,13.262
15720,0,-71.042,12.906
15735,0,-66.573,12.436
15750,0,-74.196,11.877
15765,0,-70.949,11.371
15780,0,-69.585,10.463
15795,0,-76.594,10.359
15810,0,-71.97,10.255
15825,0,-68.626,9.7945
15840,0,-76.822,9.4175
15855,0,-72.683,8.9815
15870,0,-69.476,8.145
15885,0,-82.189,7.8661
15900,0,-74.499,7.9069
15915,0,-76.454,7.5207
15930,0,-82.478,7.4076
15945,0,-77.093,7.2163
15960,0,-77.536,6.5108
15975,0,-85.014,6.1384
15990,0,-81.361,6.4241
16005,0,-80.903,6.1548
16020,0,-79.554,5.7533
16035,0.011784,-81.655,5.6711
16050,0.012812,-82.824,5.7164
16065,0,-81.422,5.4642
16080,0.00092256,-86.02,5.8778
16095,0.0078516,-93.938,6.0741
16110,0,-93.558,5.9294
16125,0,-91.154,5.8204
16140,0,-92.972,5.0564
16155,0,-91.61,4.6056
16170,0,-103.83,4.5146
16185,0.0065665,-110.17,4.5243
16200,0.28805,-104.64,4.5254
16215,1.1968,-106.16,4.7317
16230,3.8773,-105.39,4.6982
16245,7.1527,-103.61,4.927
16260,10.721,-101.91,5.7686
16275,14.285,-110.56,6.433
16290,18.579,-115.31,7.6868
16305,23.514,-112.55,8.8543
16320,27.549,-117.54,9.7197
16335,31.775,-114.45,10.684
16350,36.003,-104.96,12.158
16365,39.931,-107.39,12.824
16380,43.912,-104.37,13.205
16395,47.718,-96.143,14.103
16410,51.931,-99.227,14.336
16425,55.469,-96.372,15.116
16440,58.96,-75.652,16.303
16455,62.322,-88.228,16.5
16470,65.57,-86.969,16.768
16485,68.418,-101.28,17.295
16500,70.55,-84.842,17.979
16515,72.315,-84.098,18.377
16530,74.511,-78.159,18.701
16545,77.088,-77.041,18.755
16560,77.37,-73.421,19.223
16575,79.703,-64.565,19.658
16590,80.633,-78.707,19.842
16605,81.614,-76.308,20.29
16620,82.06,-64.99,20.709
16635,79.723,-75.914,20.845
16650,81.285,-72.938,20.729
16665,79.007,-82.875,21.099
16680,78.966,-86.171,21.224
16695,79.304,-93.439,21.81
16710,78.974,-86.196,21.59
16725,78.491,-89.912,21.846
16740,76.267,-88.58,22.273
16755,72.212,-90.449,22.135
16770,69.955,-84.581,22.863
16785,63.857,-88.389,22.864
16800,62.134,-82.47,22.68
16815,58.871,-83.462,22.996
16830,50.493,-99.223,23.068
16845,51.808,-84.859,22.848
16860,48.888,-98.958,23.059
16875,44.021,-97.157,23.182
16890,40.214,-97.244,22.897
16905,35.948,-111.73,22.922
16920,31.506,-139.73,23.07
16935,26.911,-122.95,23.095
16950,21.109,-119.26,22.605
16965,12.824,-116.71,22.36
16980,8.8526,-108.48,22.242
16995,5.4658,-114.55,21.907
17010,3.5337,-118.23,21.468
17025,5.8984,-104.54,21.232
17040,4.158,-104.99,21.047
17055,1.3493,-97.495,20.59
17070,0.17117,-97.338,19.911
17085,0,-105.75,18.905
17100,0,-83.027,17.842
17115,0,-85.095,17.281
17130,0,-86.403,16.802
17145,0,-87.213,16.391
17160,0,-79.388,15.872
17175,0,-95.047,15.232
17190,0,-81.807,14.571
17205,0,-82.91,13.936
17220,0,-88.819,13.481
17235,0,-84.064,13.123
17250,0,-90.076,12.439
17265,0,-84.978,12.008
17280,0,-83.144,11.628
17295,0,-90.939,11.526
17310,0.022286,-87.742,11.847
17325,0.0011991,-86.741,11.247
17340,0.0033996,-94.075,11.069
17355,0.10794,-86.603,11.811
17370,0.0075771,-86.153,11.636
17385,0,-91.007,11.485
17400,0,-90.785,11.463
17415,0,-80.008,10.843
17430,0,-93.563,10.141
17445,0,-78.992,9.3841
17460,0,-82.165,9.4317
17475,0,-85.782,9.2853
17490,0,-77.552,8.9349
17505,0,-79.848,8.4877
17520,0,-90.728,8.694
17535,0,-84.821,7.9376
17550,0,-90.48,7.7617
17565,0,-88.458,7.6631
17580,0,-87.858,7.6889
17595,0.00015594,-90.505,7.8938
17610,0.093061,-109.31,8.106
17625,0.14733,-105.16,8.2479
17640,0.58743,-104.02,8.3967
17655,3.2119,-102.88,8.4269
17670,3.2779,-104.95,8.6558
17685,2.0348,-106.77,9.2671
17700,2.2277,-118.31,9.7353
17715,5.2922,-114.5,9.7798
17730,5.5615,-125.3,10.256
17745,6.1549,-120.01,10.489
17760,6.2893,-129.36,10.913
17775,7.5565,-132.94,11.22
17790,6.5277,-134.51,11.647
17805,6.7358,-128.16,11.985
17820,5.5747,-139.72,12.188
17835,5.1908,-140.68,12.282
17850,7.2644,-144.4,12.321
17865,8.0746,-147.13,12.194
17880,18.403,-129.51,12.919
17895,46.251,-107.39,13.591
17910,41.922,-117.55,14.619
17925,14.763,-141.77,14.845
17940,10.38,-147.59,14.969
17955,12.913,-176.33,14.733
17970,11.493,-190.94,14.642
17985,15.044,-167.79,14.947
18000,15.878,-154.57,15.093
18015,23.144,-123.71,15.543
18030,31.305,-125.62,15.91
18045,56.57,-105.81,17.146
18060,30.165,-120.73,17.686
18075,7.7773,-157.27,17.514
18090,25.96,-126.38,17.237
18105,43.968,-130.65,17.497
18120,20.546,-136.29,18.101
18135,9.2877,-154.41,16.452
18150,17.199,-136.03,14.955
18165,53.264,-111.31,15.308
18180,54.937,-92.236,16.928
18195,9.6146,-134.56,16.947
18210,10.884,-116.74,15.908
18225,29.69,-106.98,15.834
18240,22.302,-106.95,15.801
18255,27.382,-105.33,15.678
18270,30.613,-97.237,16.617
18285,51.876,-83.567,17.414
18300,46.027,-79.238,17.798
18315,20.481,-103.33,17.553
18330,32.474,-90.962,17.71
18345,13.907,-119.59,17.254
18360,14.568,-104.83,17.031
18375,11.971,-106.79,17.112
18390,10.057,-114.69,16.955
18405,16.77,-103.22,17.092
18420,20.547,-89.684,17.346
18435,13.106,-101.93,17.436
18450,12.427,-104.46,17.51
18465,7.8496,-102.75,17.237
18480,4.0018,-89.223,16.853
18495,1.6738,-95.576,16.397
18510,0.34694,-101.4,15.921
18525,0,-100.59,15.553
18540,0,-79.065,15.194
18555,0,-86.344,15.104
18570,0,-85.975,14.646
18585,0,-83.115,14.42
18600,0,-78.393,14.322
18615,0,-82.924,14.334
18630,0,-81.723,14.254
18645,0,-80.233,14.389
18660,0,-80.533,14.161
18675,0,-83.038,13.836
18690,0,-82.513,13.827
18705,0,-83.269,13.919
18720,0,-80.306,13.792
18735,0,-81.631,13.471
18750,0,-84.462,13.181
18765,0.0023737,-77.323,12.944
18780,0.0029323,-85.556,13.08
18795,0,-77.974,13.204
18810,0,-82.831,13.316
18825,0,-78.295,13.264
18840,0,-83.191,13.032
18855,0,-77.777,12.891
18870,0,-83.151,12.86
18885,0,-81.317,12.871
18900,0,-81.824,12.728
18915,0,-83.381,12.539
18930,0,-79.252,12.422
18945,0,-78.926,12.291
18960,0,-81.376,12.026
18975,0,-85.1,11.945
18990,0.035168,-82.561,12.226
19005,0.0033844,-85.467,12.532
19020,0,-80.406,12.644
19035,0,-86.236,12.647
19050,0,-95.127,12.565
19065,0,-102.35,12.57
19080,0.07048,-102.1,12.513
19095,0.58413,-102.43,12.394
19110,0.83207,-100.67,12.477
19125,1.6968,-101.43,12.53
19140,3.9855,-102.84,12.61
19155,7.4229,-109.12,12.792
19170,8.8306,-103.19,13.036
19185,12.822,-111.36,13.106
19200,11.177,-120.36,13.255
19215,14.728,-123.39,13.431
19230,16.115,-122.63,13.543
19245,32.947,-121.75,13.551
19260,50.267,-94.951,14.406
19275,29.867,-117.5,14.522
19290,56.05,-89.877,14.582
19305,31.225,-117.44,14.673
19320,50.204,-101.35,14.79
19335,43.193,-110.04,14.963
19350,26.176,-115.42,14.975
19365,50.95,-91.081,15.428
19380,73.367,-77.202,16.107
19395,44.364,-100.07,16.103
19410,69.73,-74.803,16.498
19425,58.96,-93.553,16.578
19440,71.811,-144.31,17.054
19455,54.208,-148.78,17.299
19470,90.803,-120.26,17.253
19485,34.51,-170.08,17.046
19500,58.741,-164.88,16.811
19515,70.513,-162.81,17.314
19530,58.95,-171.95,18.285
19545,85.242,-139.11,18.033
19560,73.479,-143.82,18.678
19575,81.913,-137.35,18.807
19590,76.298,-143.89,18.983
19605,71.503,-164.79,19.207
19620,75.294,-149.17,19.373
19635,76.673,-184.5,19.384
19650,37.181,-189.17,19.11
19665,34.737,-144.44,19.127
19680,16.99,-126.27,18.638
19695,22.488,-123.83,18.494
19710,18.785,-158.66,18.466
19725,41.269,-156.11,18.715
19740,22.133,-170.46,18.562
19755,18.061,-153.35,18.244
19770,12.735,-151.31,18
19785,10.814,-146.34,17.881
19800,34.811,-126.84,17.859
19815,11.428,-138.91,17.36
19830,6.5567,-148.97,16.95
19845,9.3849,-133.29,16.59
19860,7.3918,-133.15,16.412
19875,6.8795,-128.93,16.326
19890,12.146,-125.96,16.63
19905,6.0494,-129.17,16.63
19920,3.2295,-114.43,16.315
19935,0.86094,-120.06,15.902
19950,0.20881,-111.94,15.601
19965,0.015994,-121.01,15.319
19980,0,-98.773,15.201
19995,0,-102.39,15.157
20010,0,-97.254,15.094
20025,0,-97.84,14.89
20040,0,-98.6,14.681
20055,0,-92.598,14.455
20070,0,-101.99,14.231
20085,0,-95.521,13.95
20100,0,-105.18,13.908
20115,0,-105.47,13.722
20130,0,-105.02,13.48
20145,0,-103.28,13.272
20160,0,-103.67,13.247
20175,0,-102.75,13.233
20190,0,-100.34,13.116
20205,0,-101.13,12.906
20220,0,-102.14,12.688
20235,0,-101.49,12.553
20250,0,-97.734,12.551
20265,0,-101.83,12.5
20280,0,-99.392,12.502
20295,0,-101.29,12.199
20310,0,-98.556,11.888
20325,0,-102.4,11.72
20340,0,-97.969,11.585
20355,0,-101.8,11.554
20370,0,-96.168,11.514
20385,0,-96.707,11.496
20400,0,-106.65,11.516
20415,0,-108.72,11.476
20430,0,-105.68,11.44
20445,0,-110.29,11.488
20460,0,-102.47,11.413
20475,0,-110.42,11.359
20490,0,-119.94,11.405
20505,0.00065974,-126.92,11.39
20520,0.0052981,-115.34,11.389
20535,0.13898,-124.75,11.426
20550,0.33964,-119.48,11.492
20565,1.0981,-123.75,11.496
20580,2.5658,-122.03,11.552
20595,1.4383,-135.73,11.604
20610,1.6311,-129.33,11.629
20625,1.544,-146.31,11.697
20640,2.0407,-143.78,11.774
20655,1.0304,-157.6,11.723
20670,3.4671,-148.95,11.637
20685,9.6152,-149.98,11.816
20700,25.674,-129.84,12.199
20715,34.749,-155.15,12.944
20730,31.9,-207.57,13.192
20745,26.324,-224.74,13.224
20760,30.699,-218.47,13.456
20775,24.792,-209.01,13.467
20790,27.999,-209.42,13.626
20805,32.752,-203.75,14.02
20820,40.952,-163,14.352
20835,43.051,-156.16,14.597
20850,46.559,-148.38,15.048
20865,24.712,-166.73,14.944
20880,4.3734,-195.85,13.202
20895,16.532,-180.41,11.022
20910,15.874,-185.79,11.619
20925,31.966,-170.29,11.628
20940,18.686,-188.57,11.991
20955,12.743,-192.93,11.971
20970,31.809,-181.49,11.905
20985,34.395,-170.99,12.443
21000,44.966,-173.53,12.884
21015,47.544,-181.45,13.41
21030,53.087,-193.48,13.958
21045,49.197,-192.7,14.288
21060,46.869,-198.55,14.969
21075,32.297,-218.74,14.77
21090,24.574,-184.13,14.829
21105,9.7828,-191.6,14.374
21120,16.862,-188.16,13.739
21135,20.3,-169,13.563
21150,21.622,-177.65,13.38
21165,17.006,-169.46,13.39
21180,17.193,-197.72,13.601
21195,25.243,-225.87,13.904
21210,8.9802,-209.71,13.934
21225,1.6573,-161.99,13.325
21240,4.3806,-119.45,12.182
21255,8.0297,-105.35,12.086
21270,5.0855,-116.57,12.263
21285,3.3473,-110.93,12.233
21300,2.4542,-108.97,11.919
21315,1.5283,-126.52,11.664
21330,3.6001,-166.2,11.41
21345,3.5252,-149.54,11.421
21360,3.1283,-105.43,11.409
21375,1.7005,-90.963,11.546
21390,0.38617,-93.141,11.427
21405,0.013205,-94.527,11.369
21420,0,-77.002,11.324
21435,0,-74.769,11.259
21450,0,-74.753,11.129
21465,0,-75.238,11.017
21480,0,-75.637,10.949
21495,0,-77.454,10.895
21510,0,-70.75,10.922
21525,0,-73.685,10.95
21540,0,-65.316,10.997
21555,0,-77.985,10.873
21570,0,-68.887,10.756
21585,0,-83.06,10.797
21600,0,-65.364,10.72
21615,0,-76.083,10.669
21630,0,-66.616,10.888
21645,0,-76.345,11.051
21660,0,-67.714,11.484
21675,0.00043597,-74.7,11.662
21690,4.805e-05,-68.258,11.443
21705,0.003004,-74.44,11.226
21720,0,-60.884,11
21735,0,-75.159,10.655
21750,0,-73.562,10.346
21765,0,-73.836,10.138
21780,0,-66.198,9.7975
21795,0,-72.51,9.7358
21810,0,-69.085,9.595
21825,0,-72.294,9.3976
21840,0,-69.093,9.304
21855,0,-73.778,9.2054
21870,0.00011712,-70.22,9.078
21885,0.019701,-71.459,9.1598
21900,0,-69.513,8.9814
21915,0,-70.671,8.9639
21930,0,-69.187,9.0598
21945,0.0028623,-71.119,9.1923
21960,0.20605,-67.942,9.2918
21975,0.52014,-70.241,9.4584
21990,0.21634,-68.356,9.5301
22005,1.227,-67.532,9.3012
22020,3.1265,-67.834,9.4537
22035,1.3034,-65.04,9.5534
22050,3.5192,-69.622,9.5161
22065,5.7504,-61.928,9.624
22080,7.2184,-66.144,9.7157
22095,11.123,-55.983,9.9377
22110,9.4118,-65.116,10.12
22125,14.275,-59.464,10.457
22140,18.767,-50.47,10.953
22155,20.123,-56.951,11.085
22170,14.238,-57.266,11.37
22185,1.6474,-69.813,10.117
22200,3.0293,-65.337,8.7495
22215,9.2962,-61.566,8.6346
22230,5.1954,-61.243,8.7867
22245,28.563,-42.221,8.956
22260,46.84,-24.056,9.4529
22275,66.871,-4.2732,10.23
22290,75.747,-6.8603,11.256
22305,71.332,-1.8197,11.853
22320,65.171,-12.203,12.375
22335,24.897,-43.05,12.422
22350,25.406,-45.778,12.524
22365,27.366,-36.619,12.222
22380,3.5724,-51.485,11.921
22395,1.5215,-49.023,11.746
22410,4.6474,-66.856,10.295
22425,16.596,-46.438,9.6739
22440,48.14,-19.583,10.386
22455,70.556,-1.5291,11.529
22470,77.954,0.27646,11.987
22485,38.42,-28.951,12.24
22500,29.834,-41.842,11.997
22515,50.775,-21.51,12.085
22530,30.249,-40.514,12.486
22545,22.006,-50.689,12.265
22560,45.39,-33.128,11.957
22575,37.198,-38.262,12.917
22590,12.892,-52.369,12.591
22605,38.079,-43.043,11.783
22620,37.056,-30.551,12.461
22635,26.539,-37.155,12.771
22650,34.753,-41.569,12.574
22665,37.712,-35.683,12.876
22680,30.325,-46.799,13.339
22695,28.987,-55.61,13.18
22710,26.204,-51.178,13.41
22725,20.104,-52.933,13.277
22740,16.223,-55.452,12.957
22755,3.3269,-66.74,12.735
22770,3.2001,-64.548,12.345
22785,1.9955,-68.296,12.165
22800,0.8179,-60.496,12.096
22815,0.3624,-70.123,11.933
22830,0.045061,-67.785,11.727
22845,5.766e-05,-80.399,11.434
22860,0,-69.864,9.5358
22875,0,-66.415,9.296
22890,0,-70.859,9.2711
22905,0,-64.768,8.7969
22920,0,-71.028,8.6154
22935,0,-68.123,8.5903
22950,0,-70.486,8.5318
22965,0,-67.755,8.5335
22980,0,-68.346,8.4976
22995,0,-70.236,8.5822
23010,0,-66.665,8.6337
23025,0,-73.587,8.6021
23040,0,-66.701,8.5599
23055,0,-71.249,8.5553
23070,0,-71.471,8.5843
23085,0,-69.395,8.6417
23100,0,-71.791,8.599
23115,0,-64.319,8.4444
23130,0,-73.896,8.4334
23145,0,-68.227,8.61
23160,0,-74.926,8.5519
23175,0,-71.105,8.4887
23190,0,-68.735,8.4479
23205,0,-73.778,8.5554
23220,0,-65.651,8.5584
23235,0,-73.78,8.4208
23250,0,-65.963,8.2993
23265,0,-72.164,8.1249
23280,0,-69.13,8.0402
23295,0,-70.827,7.9165
23310,0,-73.248,7.8132
23325,0,-70.416,7.6548
23340,0,-72.715,7.5641
23355,0,-66.744,7.6722
23370,0,-71.959,7.876
23385,0.021105,-66.738,7.9762
23400,0.23119,-69.691,7.9794
23415,0.94155,-69.357,7.9548
23430,1.7016,-64.634,7.9548
23445,4.4955,-67.907,7.8712
23460,12.781,-61.306,8.0487
23475,17.901,-62.782,8.4381
23490,22.346,-56.914,8.6872
23505,26.867,-50.165,8.9575
23520,31.286,-44.11,9.1682
23535,35.754,-35.327,9.5261
23550,40.074,-36.204,9.8568
23565,45.142,-22.794,10.167
23580,52.832,-21.406,10.734
23595,41.015,-31.037,10.983
23610,30.887,-39.574,10.787
23625,40.02,-29.22,10.978
23640,36.206,-31.966,10.918
23655,48.23,-25.265,11.322
23670,77.582,6.136,11.63
23685,59.338,-14.567,12.093
23700,58.792,-4.4536,12.02
23715,30.838,-45.614,12.178
23730,60.554,-9.2429,12.306
23745,60.617,-22.145,12.394
23760,53.216,-10.828,13.194
23775,16.782,-53.992,11.065
23790,14.036,-52.504,8.2613
23805,40.059,-32.413,8.9046
23820,28.474,-39.372,9.5581
23835,47.03,-15.311,10.323
23850,27.189,-42.554,10.76
23865,29.074,-29.63,10.733
23880,41.423,-30.783,10.809
23895,86.126,13.518,11.706
23910,59.031,-9.3434,11.995
23925,10.921,-54.31,11.781
23940,63.873,-11.595,10.885
23955,55.778,-12.203,11.687
23970,23.863,-37.291,11.236
23985,50.221,-13.721,10.442
24000,16.077,-51.327,10.29
24015,2.8423,-73.397,9.0075
24030,4.8972,-62.403,8.5829
24045,8.4064,-62.752,8.428
24060,32.062,-40.318,9.0486
24075,46.757,-24.974,10.023
24090,43.44,-31.971,10.929
24105,38.872,-33.219,10.992
24120,33.401,-36.21,11.152
24135,35.64,-40.639,11.507
24150,27.104,-50.06,11.84
24165,16.367,-63.992,11.974
24180,12.831,-60.829,11.996
24195,3.4625,-67.908,11.873
24210,1.3337,-64.808,11.118
24225,7.2426,-61.702,8.8926
24240,4.5676,-64.951,9.5755
24255,2.2666,-65.283,9.3872
24270,0.50531,-73.777,9.046
24285,0.13023,-69.059,8.9316
24300,0,-65.239,8.983
24315,0,-70.822,8.9761
24330,0,-70.055,8.734
24345,0,-71.157,8.5428
24360,0,-64.626,8.5482
24375,0,-71.75,8.4711
24390,0,-71.455,8.3704
24405,0,-69.998,8.2912
24420,0,-74.274,8.2492
24435,0,-70.562,8.1807
24450,0,-72.884,7.7441
24465,0,-69.347,7.6877
24480,0,-71.408,7.6815
24495,0,-74.065,7.7156
24510,0,-69.274,7.793
24525,0,-72.518,7.4477
24540,0,-70.061,7.1789
24555,0.0019401,-74.593,7.2637
24570,0,-74.117,7.3251
24585,0,-70.85,7.6478
24600,0,-78.38,7.3885
24615,0,-68.393,7.4118
24630,0,-74.599,7.5563
24645,0,-75.814,7.6261
24660,0,-71.02,7.4629
24675,0,-71.805,7.1343
24690,0,-70.23,7.0296
24705,0,-76.067,6.7414
24720,0,-74.416,6.6423
24735,0,-74.943,6.3004
24750,0,-77.426,6.1794
24765,0,-75.012,6.255
24780,0,-74.868,6.0785
24795,0,-71.491,5.8054
24810,0,-71.415,5.6691
24825,0.11006,-71.811,5.589
24840,0.73329,-68.293,5.589
24855,1.759,-69.323,5.6173
24870,3.9489,-69.179,5.7921
24885,6.6319,-62.598,6.072
24900,10.677,-66.82,6.4176
24915,15.692,-59.103,7.2891
24930,20.817,-57.696,7.7198
24945,25.757,-56.789,8.2817
24960,30.167,-45.979,8.718
24975,34.705,-45.398,8.9676
24990,39.096,-45.761,9.4319
25005,43.39,-52.122,9.9638
25020,47.559,-23.039,10.518
25035,51.925,-27.311,11.374
25050,54.62,-19.178,11.574
25065,52.368,-16.712,11.772
25080,58.918,-26.825,12.244
25095,64.731,-14.152,12.801
25110,72.604,0.79906,13.578
25125,70.482,-7.8802,14.142
25140,61.66,-10.273,13.742
25155,41.977,-30.916,13.692
25170,61.416,-14.697,14.108
25185,46.342,-25.773,14.159
25200,58.413,-14.189,14.241
25215,44.635,-31.852,14.394
25230,52.571,-29.741,14.363
25245,83.352,1.5909,15.35
25260,30.869,-39.803,15.075
25275,30.291,-35.257,14.868
25290,47.069,-27.503,15.539
25305,28.68,-62.668,15.251
25320,60.481,-12.045,15.451
25335,51.842,-19.191,16.381
25350,55.536,-16.919,16.508
25365,60.455,-21.356,16.378
25380,45.516,-21.557,16.222
25395,61.677,-13.929,17.012
25410,72.346,1.9878,17.068
25425,66.079,-9.3433,17.109
25440,41.208,-26.224,16.845
25455,43.002,-31.445,16.854
25470,46.49,-22.286,16.869
25485,43.515,-30.581,17.43
25500,44.541,-26.162,17.384
25515,27.045,-41.737,17.512
25530,32.17,-39.24,17.413
25545,24.83,-41.898,17.513
25560,16.852,-55.817,17.005
25575,22.532,-45.427,17.068
25590,18.067,-54.752,17.02
25605,10.192,-54.868,16.91
25620,10.055,-60.41,16.633
25635,8.0216,-56.967,16.674
25650,6.3289,-66.358,16.593
25665,4.6782,-65.271,16.269
25680,3.3326,-67.506,15.648
25695,0.86931,-69.509,14.958
25710,0.12362,-62.51,14.486
25725,0,-70.344,14.372
25740,0,-67.826,14.032
25755,0,-69.201,13.899
25770,0,-120.92,13.568
25785,0,-107.56,13.456
25800,0,-112.9,13.365
25815,0,-112.53,13.047
25830,0,-115.85,12.7
25845,0,-112.43,12.41
25860,0,-106.14,12.143
25875,0,-107.4,12.047
25890,0.010981,-98.109,12.331
25905,0.013637,-98.282,12.752
25920,0.00023064,-104.75,13.001
25935,0,-101.04,12.771
25950,0,-105.09,12.458
25965,0,-114.4,12.04
25980,0,-131.16,11.587
25995,0,-123.64,11.681
26010,0,-119.57,11.945
26025,0,-118.38,11.968
26040,0,-111.51,12.145
26055,0,-112.78,12.15
26070,0,-103.74,12.09
26085,0,-107.24,11.713
26100,0,-105.92,11.603
26115,0,-105.7,11.472
26130,0,-112.73,11.405
26145,0,-109.51,11.325
26160,0,-123.88,11.457
26175,0,-128.72,11.335
26190,0,-132.74,11.217
26205,0,-131.18,11.282
26220,0,-130.53,11.226
26235,0,-134.09,11.284
26250,0,-150.75,11.098
26265,0,-154.3,11.08
26280,0.093494,-153.55,11.006
26295,0.36274,-143.07,11.126
26310,1.2675,-149.33,11.184
26325,2.3853,-137.97,11.235
26340,3.8496,-146.31,11.036
26355,4.5697,-147.93,11.327
26370,8.5273,-136.59,11.62
26385,10.072,-141.49,11.972
26400,19.97,-136.51,12.523
26415,18.704,-146.88,12.991
26430,38.281,-131.01,13.766
26445,40.372,-130.84,14.822
26460,25.982,-147.71,14.85
26475,43.39,-122.56,15.14
26490,33.866,-170.67,15.342
26505,30.894,-175.59,15.481
26520,29.873,-172.8,15.437
26535,25.104,-149.98,15.362
26550,16.619,-132.72,15.387
26565,13.428,-161.28,15.569
26580,10.282,-151.58,15.182
26595,14.344,-145.49,14.218
26610,9.2316,-153.74,13.422
26625,21.404,-144.36,13.037
26640,18.233,-144.21,13.364
26655,18.454,-143.02,13.648
26670,17.061,-138.12,13.962
26685,44.27,-106.77,14.609
26700,82.903,-91.407,15.639
26715,72.22,-105.03,16.391
26730,30.659,-141.92,16.241
26745,2.459,-177.79,14.15
26760,3.4679,-169.18,13.361
26775,17.161,-158.25,12.89
26790,21.017,-152.89,12.953
26805,13.291,-168.41,13.021
26820,16.667,-169.23,13.325
26835,23.148,-163.62,13.52
26850,4.2861,-179.36,13.47
26865,68.58,-128.99,14.029
26880,63.176,-124.94,14.868
26895,32.768,-132.23,14.95
26910,29.995,-138.07,14.593
26925,41.32,-131.63,14.605
26940,46.592,-113.54,14.38
26955,26.96,-159.46,14.114
26970,19.562,-155.56,13.759
26985,18.713,-148.26,13.749
27000,17.77,-142.18,13.608
27015,12.789,-152,13.571
27030,13.227,-147.49,13.468
27045,9.8771,-145.85,13.547
27060,5.1799,-145.71,13.096
27075,5.9916,-148.09,12.853
27090,4.2881,-144.11,12.844
27105,3.2746,-150.72,12.873
27120,1.8306,-128.09,12.758
27135,1.828,-135.61,12.714
27150,0.80895,-132.3,12.577
27165,0.063792,-135.69,12.386
27180,0,-117.79,11.971
27195,0,-115.57,11.665
27210,0,-118.24,11.489
27225,0,-115.99,11.154
27240,0,-117.98,10.473
27255,0,-119.53,9.9738
27270,0,-113.68,9.1949
27285,0,-117.11,8.5088
27300,0,-113.78,8.3646
27315,0,-107.31,8.199
27330,0,-107.83,7.9399
27345,0,-103.2,7.5844
27360,0,-109.64,7.2685
27375,0,-103.72,7.0916
27390,0,-109.38,7.0261
27405,0,-111.81,6.6288
27420,0,-107.05,6.6463
27435,0,-106.1,6.4028
27450,0,-107.31,6.2106
27465,0,-104.13,5.681
27480,0,-103.37,5.6787
27495,0.030105,-105.22,5.4751
27510,0.04344,-106.61,5.7142
27525,0.00030272,-104.08,5.8197
27540,0,-104.55,5.722
27555,0,-101.41,5.6463
27570,0,-105.27,5.5062
27585,0,-106.05,5.5346
27600,0,-108.86,5.5624
27615,0,-111.44,5.5189
27630,0,-115,5.1312
27645,0.0052874,-113.1,4.9134
27660,0.012463,-114.87,4.9631
27675,6.7835e-05,-114.66,4.8805
27690,0.0709,-127.45,4.9711
27705,0.56027,-131.14,5.0283
27720,1.9044,-128.61,5.0341
27735,4.7421,-128.44,5.2389
27750,7.4494,-126.35,5.6565
27765,9.1063,-120.16,5.9617
27780,11.606,-138.58,5.9669
27795,19.339,-137.68,6.416
27810,22.474,-138.04,6.7767
27825,18.971,-139.71,6.8885
27840,12.495,-136.59,7.2044
27855,20.085,-151.33,7.5642
27870,25.149,-148.75,7.7029
27885,31.343,-161.08,7.8634
27900,39.574,-144.35,8.6823
27915,50.769,-144.75,8.9253
27930,55.542,-140.01,9.5948
27945,57.109,-126.24,9.7968
27960,66.113,-127.88,9.8998
27975,56.396,-126.47,10.47
27990,60.203,-127.14,10.508
28005,59.568,-132.7,11.019
28020,69.504,-121.83,11.605
28035,78.97,-119.47,12.069
28050,82.896,-106.12,12.203
28065,69.116,-119.96,12.816
28080,78.744,-101.59,12.835
28095,82.921,-99.429,13.541
28110,71.421,-112.6,13.493
28125,83.116,-93.806,13.625
28140,61.397,-113.4,13.542
28155,71.504,-101.91,13.726
28170,72.484,-100.94,14.016
28185,73.975,-104.44,14.184
28200,78.655,-92.841,14.399
28215,83.54,-85.257,14.693
28230,80.799,-105.36,14.992
28245,80.486,-109.36,15.042
28260,78.714,-122.03,15.103
28275,76.614,-131.64,15.219
28290,74.65,-144.12,15.594
28305,72.156,-122.11,15.399
28320,69.318,-117.54,15.698
28335,66.037,-98.104,15.724
28350,62.448,-97.522,15.544
28365,58.554,-107.94,15.836
28380,54.45,-108.27,15.903
28395,50.163,-100.16,15.705
28410,46.005,-85.173,15.74
28425,41.708,-84.075,15.507
28440,37.215,-91.167,15.432
28455,32.958,-97.278,15.336
28470,28.479,-93.456,15.468
28485,24.14,-105.76,15.038
28500,20.066,-103.67,14.968
28515,15.932,-98.289,14.779
28530,11.915,-112.81,14.454
28545,8.4981,-108.82,14.277
28560,5.4479,-92.808,13.885
28575,2.7695,-99.081,13.356
28590,0.94197,-126.1,12.8
28605,0.10743,-103.81,12.258
28620,0,-86.746,11.776
28635,0,-80.593,11.442
28650,0,-83.182,10.949
28665,0,-90.402,10.653
28680,0,-83.956,10.154
28695,0,-84.08,9.7323
28710,0,-86.979,9.2948
28725,0,-82.571,9.0012
28740,0,-77.447,8.1553
28755,0,-84.092,7.582
28770,0,-78.537,7.007
28785,0.010139,-79.293,6.9678
28800,0.042576,-74.931,7.0605
28815,0,-75.719,6.806
28830,0,-76.546,6.2302
28845,0,-76.774,5.7375
28860,0,-79.243,5.8803
28875,0,-77.234,5.7075
28890,0,-76.807,5.3797
28905,0,-74.311,5.1991
28920,0,-75.365,5.1398
28935,0,-76.37,5.0868
28950,0,-74.498,4.758
28965,0,-75.692,4.505
28980,0,-71.764,4.1327
28995,0,-76.83,3.8555
29010,0,-73.837,3.5616
29025,0,-77.465,3.5562
29040,0,-78.168,3.6623
29055,0,-81.961,3.2666
29070,0,-84.704,3.1502
29085,0,-83.362,3.0172
29100,0.0019403,-80.418,3.0695
29115,0,-84.299,2.8224
29130,0.047565,-93.301,2.7487
29145,0.36717,-98.422,2.6943
29160,1.2265,-95.976,2.7959
29175,4.1016,-96.775,2.929
29190,9.2225,-97.43,3.5417
29205,14.958,-92.957,4.4975
29220,17.373,-103.01,5.5615
29235,20.122,-104.76,6.9721
29250,24.484,-119.13,7.3828
29265,29.058,-103.24,7.5439
29280,33.565,-97.984,8.1396
29295,38.039,-125.63,8.4015
29310,42.249,-94.845,9.2678
29325,46.394,-86.835,9.9777
29340,50.401,-88.713,10.199
29355,54.423,-106.07,10.742
29370,58.044,-95.162,11.454
29385,61.431,-98.798,11.768
29400,64.911,-99.34,12.193
29415,68.035,-88.605,12.354
29430,70.812,-94.097,13.128
29445,73.422,-91.927,13.051
29460,76.032,-90.225,13.538
29475,78.822,-93.291,13.819
29490,80.798,-92.215,13.899
29505,82.239,-87.263,14.065
29520,81.977,-98.485,14.587
29535,83.63,-96.609,14.749
29550,84.53,-93.237,14.414
29565,85.298,-115.58,14.721
29580,85.801,-120.79,15.177
29595,85.84,-105.95,15.218
29610,85.324,-120.28,15.89
29625,84.52,-110.35,15.609
29640,83.533,-96.496,15.622
29655,82.832,-95.099,15.554
29670,78.766,-85.769,16.019
29685,79.717,-88.867,16.394
29700,77.65,-89.789,16.423
29715,75.367,-87.321,16.644
29730,72.651,-78.315,16.338
29745,69.963,-100.07,16.67
29760,66.485,-78.75,17.076
29775,63.192,-83.113,17.083
29790,59.668,-91.212,17.098
29805,55.751,-76.813,17.231
29820,51.922,-82.272,17.348
29835,47.873,-91.568,17.45
29850,43.77,-86.663,17.128
29865,39.783,-90.497,17.354
29880,37.066,-95.545,17.412
29895,30.779,-101.13,17.27
29910,26.345,-106.5,17.246
29925,24.074,-108.73,17.236
29940,19.927,-102.28,17.259
29955,16.715,-109.11,16.977
29970,13.229,-112.9,16.872
29985,9.2725,-108.92,16.915
30000,5.4388,-101.24,16.605
30015,2.8742,-103.72,16.29
30030,0.97199,-96.275,15.431
30045,0.027452,-101.34,14.135
30060,0,-85.634,13.28
30075,0,-82.679,12.822
30090,0,-87.738,12.157
30105,0,-88.673,11.707
30120,0,-85.467,11.199
30135,0,-91.099,10.745
30150,0,-86.482,10.204
30165,0,-81.63,9.8891
30180,0,-87.258,9.3317
30195,0,-82.519,8.0316
30210,0,-78.996,7.792
30225,0,-91.444,7.864
30240,0,-81.598,7.9896
30255,0,-84.123,7.8924
30270,0,-86.922,7.5762
30285,0,-88.86,7.308
30300,0,-78.239,6.9913
30315,0,-85.059,6.3801
30330,0,-81.922,6.2308
30345,0,-79.996,6.1093
30360,0,-83.86,5.9021
30375,0,-78.779,5.5485
30390,0,-82.115,5.2521
30405,0,-78.058,5.3954
30420,0,-82.019,5.2215
30435,0,-79.803,5.2943
30450,0,-80.965,5.0532
30465,0,-72.315,4.4395
30480,0,-83.079,4.444
30495,0,-82.325,4.4767
30510,0,-85.592,4.3188
30525,0,-84.206,4.0768
30540,0,-82.929,3.8765
30555,0,-85.933,3.8392
30570,0.017062,-98.481,3.8352
30585,0.43214,-101.32,3.6944
30600,1.1552,-99.822,3.3156
30615,3.6163,-95.995,3.5435
30630,6.5389,-102.91,4.1953
30645,10.657,-93.91,5.1801
30660,15.475,-102.54,6.6149
30675,19.404,-113.76,7.9748
30690,23.61,-105.12,8.6335
30705,28.108,-104.93,8.7415
30720,32.706,-111.38,9.1662
30735,30.868,-101,9.5202
30750,41.512,-99,10.147
30765,45.616,-92.476,11.036
30780,49.683,-101.36,12.064
30795,53.451,-87.723,12.797
30810,57.023,-85.985,13.191
30825,60.648,-95.933,14.097
30840,63.982,-81.442,14.868
30855,66.802,-89.431,15.284
30870,69.788,-90.075,15.617
30885,72.679,-76.564,16.641
30900,74.877,-86.118,16.86
30915,77.051,-87.409,17.267
30930,79.053,-71.857,17.103
30945,80.697,-75.546,17.455
30960,82.096,-70.686,17.721
30975,82.996,-74.135,18.556
30990,83.542,-62.515,17.969
31005,84.237,-64.454,18.678
31020,83.907,-55.994,19.226
31035,84.409,-65.603,18.762
31050,84.114,-69.53,19.416
31065,83.712,-65.518,19.253
31080,82.785,-72.528,19.43
31095,81.82,-64.241,19.748
31110,80.174,-60.546,20.785
31125,77.998,-75.074,20.876
31140,75.91,-66.373,21.229
31155,72.628,-72.075,21.088
31170,71.316,-77.746,21.325
31185,68.821,-75.383,21.357
31200,65.532,-76.84,21.538
31215,61.866,-84.961,21.591
31230,57.383,-82.711,21.524
31245,54.681,-83.508,21.6
31260,51.757,-98.501,22.095
31275,46.421,-91.68,22.117
31290,42.567,-94.898,21.901
31305,36.197,-103.3,22.187
31320,32.058,-99.422,22.103
31335,32.192,-96.87,21.741
31350,27.985,-109.44,21.714
31365,19.455,-109.3,21.722
31380,9.1967,-106.98,21.378
31395,14.139,-114.21,21.307
31410,12.8,-108.47,21.532
31425,9.1644,-107.6,21.222
31440,5.1175,-105.47,20.568
31455,2.2097,-92.98,19.202
31470,0.44218,-97.076,18.15
31485,0.021388,-110.79,17.193
31500,0,-77.967,16.091
31515,0,-81.479,15.004
31530,0,-88.96,14.596
31545,0,-85.074,14.032
31560,0,-93.629,13.91
31575,0,-95.548,13.442
31590,4.805e-05,-84.945,13.425
31605,0.0030852,-84.203,13.177
31620,0,-98.814,12.933
31635,0,-85.924,12.657
31650,0,-90.015,11.926
31665,0,-92.768,11.676
31680,0,-83.506,11.563
31695,0,-86.835,11.429
31710,0,-89.648,11.069
31725,0,-88.594,10.83
31740,0,-90.12,10.656
31755,0,-92.686,10.51
31770,0,-84.842,10.36
31785,0,-87.314,9.909
31800,0,-85.287,9.8715
31815,0,-81.414,9.6635
31830,0,-85.838,9.3836
31845,0,-80.283,9.0161
31860,0,-82.319,9.1958
31875,0,-85.666,9.3916
31890,0,-86.164,9.0422
31905,0,-76.583,8.8556
31920,0,-98.766,8.9976
31935,0,-91.444,8.8828
31950,0,-91.089,8.9305
31965,0,-95.125,8.7493
31980,0,-94.872,8.836
31995,0,-84.87,8.8666
32010,0,-110.62,8.882
32025,0.13873,-107.63,9.0057
32040,1.3465,-106.29,8.9011
32055,2.9029,-108.03,8.8736
32070,3.5783,-111,9.11
32085,4.5996,-103.32,8.7668
32100,11.182,-125.18,9.298
32115,14.078,-118.04,10.299
32130,17.138,-123.12,11.392
32145,26.683,-122.63,11.837
32160,27.882,-124.1,12.815
32175,32.005,-123.32,13.703
32190,38.431,-121.22,14.064
32205,45.793,-107.63,15.133
32220,50.85,-112.74,15.156
32235,50.469,-114.96,16.104
32250,54.626,-98.772,16.399
32265,60.176,-160.76,17.34
32280,63.661,-112.54,17.982
32295,65.878,-87.176,18.559
32310,68.906,-92.141,19.067
32325,73.309,-88.599,19.873
32340,74.208,-107.17,20.204
32355,76.019,-134.48,20.382
32370,79.086,-120.14,21.106
32385,74.141,-111.74,21.474
32400,80.372,-99.149,21.626
32415,83.333,-92.327,22.359
32430,83.406,-87.965,22.416
32445,85.472,-99.674,22.363
32460,85.063,-89.948,22.558
32475,84.318,-94.204,22.778
32490,81.619,-125.44,23.344
32505,70.538,-157.52,22.995
32520,87.535,-156.74,23.595
32535,73.329,-101.51,23.287
32550,80.309,-93.473,23.305
32565,82.101,-104.17,24.133
32580,58.979,-112.91,23.588
32595,58.723,-106.43,23.758
32610,52.853,-115.65,24.023
32625,39.218,-127.16,23.314
32640,28.406,-133.1,23.213
32655,42.871,-126.94,23.181
32670,55.469,-104.63,23.743
32685,57.41,-115.9,23.92
32700,52.554,-133.45,24.155
32715,40.318,-134.63,24.119
32730,32.137,-136.32,23.717
32745,27.186,-128.14,23.539
32760,26.061,-119.57,23.782
32775,12.665,-145.64,23.428
32790,13.493,-130.23,23.095
32805,14.249,-132.18,23.159
32820,10.515,-136.42,23.05
32835,9.2036,-123.92,22.778
32850,7.717,-133.21,22.514
32865,6.061,-132.53,22.391
32880,3.6133,-114.59,21.801
32895,4.4134,-114.06,20.953
32910,1.4684,-112.85,20.354
32925,0.22995,-117.26,19.185
32940,0,-98.814,18.487
32955,0,-96.763,18.123
32970,0,-96.305,17.562
32985,0,-101.68,17.433
33000,0,-91.352,17.36
33015,0,-91.706,17.202
33030,0,-101.46,16.763
33045,0,-91.952,16.447
33060,0,-94.961,16.038
33075,0,-105.34,15.179
33090,0,-93.026,15.375
33105,0.025345,-96.202,15.462
33120,0,-97.73,14.766
33135,0.098758,-90.755,14.642
33150,0.02434,-90.015,14.959
33165,0.0069283,-94.781,14.749
33180,0,-91.298,13.947
33195,0,-90.597,13.286
33210,0.050909,-148.61,13.515
33225,0.0022228,-151.78,13.793
33240,0.0015166,-115.71,13.587
33255,0,-99.11,12.935
33270,0.0011553,-87.06,12.832
33285,0.00095604,-89.767,12.538
33300,0,-96.511,12.322
33315,0,-88.115,12.019
33330,0,-91.531,12.235
33345,0,-96.251,12.059
33360,0.0057044,-89.758,12.116
33375,0,-92.743,11.727
33390,0,-97.043,11.105
33405,0.024127,-93.938,11.141
33420,0.0078622,-90.241,11.153
33435,0,-96.965,11.07
33450,0.12902,-86.509,11.245
33465,0.77627,-89.762,11.315
33480,2.2812,-91.866,10.969
33495,4.1624,-85.749,11.44
33510,5.1441,-84.903,11.677
33525,5.8148,-88.102,12.005
33540,7.6554,-83.478,12.525
33555,8.4182,-85.118,12.71
33570,11.431,-80.934,12.952
33585,10.786,-77.261,13.413
33600,9.4839,-79.777,13.649
33615,8.0908,-84.697,13.735
33630,9.1723,-76.243,13.92
33645,12.968,-77.339,14.15
33660,22.509,-67,14.615
33675,22.057,-64.564,15.358
33690,11.153,-77.634,15.281
33705,16.05,-76.444,15.454
33720,21.678,-64.641,15.607
33735,17.051,-75.775,15.788
33750,14.2,-72.581,15.89
33765,14.624,-71.319,16.071
33780,13.317,-83.312,15.999
33795,13.896,-73.099,15.887
33810,15.925,-68.049,16.153
33825,26.029,-58.808,16.163
33840,29.096,-114.57,16.824
33855,16.725,-126.66,17.295
33870,13.551,-104.78,17.315
33885,19.739,-69.633,16.943
33900,32.011,-53.821,17.539
33915,16.616,-78.94,17.846
33930,13.366,-74.177,17.894
33945,13.292,-70.067,17.807
33960,13.724,-79.236,17.449
33975,15.012,-71.125,16.925
33990,11.42,-73.224,16.926
34005,10.086,-83.851,16.634
34020,9.7998,-77.47,16.245
34035,8.7871,-79.371,15.976
34050,9.0926,-84.871,16.04
34065,11.754,-73.259,16.221
34080,10.888,-81.327,16.222
34095,9.9546,-83.333,16.327
34110,9.815,-73.503,16.271
34125,9.8815,-80.294,16.279
34140,10.084,-83.801,16.343
34155,14.746,-70.219,16.418
34170,10.46,-77.25,16.531
34185,12.363,-82.388,16.554
34200,11.317,-76.947,16.661
34215,10.345,-80.163,16.922
34230,6.3821,-86.086,16.982
34245,7.3593,-78.778,16.68
34260,8.786,-81.869,16.755
34275,11.471,-85.241,16.693
34290,7.2174,-79.164,16.731
34305,4.0724,-85.851,16.774
34320,3.1877,-88.5,16.65
34335,2.0978,-85.551,16.941
34350,0.40612,-90.536,16.697
34365,0.077149,-91.06,16.524
34380,0,-87.12,16.231
34395,0,-93.768,16.013
34410,0,-92.132,15.861
34425,0,-85.77,15.729
34440,0,-90.906,15.571
34455,0,-93.186,15.506
34470,0,-85.335,15.214
34485,0,-90.677,15.133
34500,0,-91.688,15.13
34515,0,-83.655,15.173
34530,0,-95.443,15.014
34545,0,-91.879,14.744
34560,0,-87.956,14.555
34575,0,-93.82,14.48
34590,0,-90.059,14.45
34605,0,-87.614,14.428
34620,0,-94.202,14.237
34635,0,-87.15,14.114
34650,0,-89.618,13.95
34665,0,-95.011,13.706
34680,0,-87.862,13.404
34695,0,-87.837,13.432
34710,0,-96.912,13.344
34725,0,-89.021,13.165
34740,0,-88.878,12.914
34755,0,-93.729,12.69
34770,0,-90.93,12.738
34785,0,-86.784,12.413
34800,0,-93.39,12.208
34815,0,-88.753,12.204
34830,0,-89.203,12.231
34845,0,-95.614,12.255
34860,0,-86.827,12.28
34875,0,-90.621,12.074
34890,0.054116,-94.391,11.948
34905,0.20798,-88.208,11.891
34920,0.55667,-86.147,11.978
34935,1.0503,-91.712,12.31
34950,1.3831,-83.055,12.432
34965,2.1646,-86.103,12.652
34980,2.5913,-87.093,12.597
34995,4.7115,-81.883,12.873
35010,7.1263,-81.914,13.135
35025,8.489,-80.274,13.329
35040,6.7507,-78.777,13.502
35055,6.274,-83.074,13.663
35070,3.8842,-85.443,13.829
35085,5.3967,-80.116,13.884
35100,19.16,-72.719,13.933
35115,33.704,-57.213,14.259
35130,27.783,-58.902,14.913
35145,24.391,-66.741,14.79
35160,59.139,-33.277,15.645
35175,51.436,-36.657,16.554
35190,23.878,-72.926,17.202
35205,38.939,-53.176,17.332
35220,36.261,-50.416,17.665
35235,42.522,-57.791,18.181
35250,40.925,-47.729,18.593
35265,27.704,-87.175,19.294
35280,29.264,-104.53,18.866
35295,26.524,-59.228,18.986
35310,23.049,-65.287,18.875
35325,31.848,-63.467,19.024
35340,66.033,-24.548,19.322
35355,94.546,-12.066,20.481
35370,87.539,-27.306,21.122
35385,81.45,-22.365,21.525
35400,80.802,-29.32,21.754
35415,79.003,-34.064,22.422
35430,78.039,-25.619,22.539
35445,73.138,-32.8,23.152
35460,69.096,-41.658,23.475
35475,71.275,-35.801,23.732
35490,67.111,-44.062,23.926
35505,56.438,-58.464,24.018
35520,46.76,-60.694,23.94
35535,28.112,-74.802,24.254
35550,54.177,-46.849,24.747
35565,55.55,-41.286,25.339
35580,29.05,-78.205,24.681
35595,28.249,-80.672,24.79
35610,22.677,-76.832,24.854
35625,18.547,-86.427,24.422
35640,13.099,-89.062,24.226
35655,8.232,-91.921,23.86
35670,4.7002,-96.562,23.566
35685,0.20298,-99.232,21.625
35700,1.6608,-87.86,18.493
35715,3.1174,-88.553,17.244
35730,6.3531,-81.835,17.311
35745,4.2967,-82.997,17.157
35760,3.0366,-90.512,17.02
35775,2.0813,-86.172,16.902
35790,1.0577,-87.494,16.805
35805,0.22211,-90.575,16.712
35820,0.022442,-90.758,16.63
35835,0,-86.965,16.276
35850,0,-94.285,16.146
35865,0,-92.357,16.004
35880,0,-87.075,15.845
35895,0,-95.968,15.824
35910,0,-92.712,15.634
35925,0,-86.767,15.552
35940,0,-96.524,15.518
35955,0,-144.85,15.432
35970,0,-138.36,15.314
35985,0,-110.78,15.147
36000,0,-96.117,15.135
36015,0,-94.29,14.888
36030,0,-101.67,14.828
36045,0,-101.4,14.652
36060,0.0010279,-99.377,14.558
36075,0.00062476,-106.46,14.459
36090,0.001918,-101.54,14.489
36105,0,-96.914,14.453
36120,0.00037479,-104.71,14.5
36135,0,-98.756,14.506
36150,0,-97.849,14.448
36165,0,-107.08,14.171
36180,0,-99.062,13.484
36195,0,-97.611,12.939
36210,0,-107.03,12.464
36225,0,-98.529,11.842
36240,0,-111.63,11.27
36255,0.012158,-115.5,10.899
36270,0.065345,-108.52,10.4
36285,0.067587,-104.17,10.03
36300,0.0018257,-111.87,9.9193
36315,0,-103.47,9.7148
36330,0,-121.66,9.5589
36345,0.00058301,-128.04,9.3057
36360,0.011192,-123.74,9.0977
36375,0.0074042,-122.13,8.6538
36390,0.20989,-133.68,8.0427
36405,0.43098,-122.33,7.5516
36420,0.64527,-129.1,6.9209
36435,0.88139,-135.7,6.4477
36450,1.6746,-131.19,6.0917
36465,2.9954,-134.62,5.8143
36480,2.8647,-137.65,5.6968
36495,2.116,-153.27,5.5564
36510,2.0759,-157.95,5.2776
36525,2.7117,-166.86,5.0408
36540,4.1703,-157.76,4.9204
36555,3.7169,-166.76,4.7619
36570,4.0682,-168.99,4.6293
36585,3.7703,-156.97,4.5256
36600,7.3081,-154.33,4.4994
36615,6.2535,-159.81,4.3093
36630,5.1935,-199.32,4.1363
36645,5.0352,-221.51,4.0421
36660,6.4311,-230.3,3.9426
36675,7.3784,-212.41,3.8886
36690,6.8233,-216.93,3.8615
36705,7.2382,-222.06,3.9148
36720,10.015,-209.09,3.9834
36735,12.721,-189.39,4.0635
36750,14.493,-180.81,4.2223
36765,13.495,-178.85,4.2667
36780,12.427,-180.03,4.3867
36795,14.601,-186.66,4.5576
36810,16.406,-198.8,4.7048
36825,16.244,-209.65,4.8446
36840,16.292,-211.05,4.8279
36855,18.417,-216.21,4.9004
36870,21.5,-198.8,4.9412
36885,22.616,-211.43,4.9254
36900,20.423,-191.98,4.9885
36915,17.664,-198.38,4.9062
36930,14.527,-195.81,5.0784
36945,13.61,-158.52,5.2976
36960,13.025,-142.37,5.492
36975,11.589,-153.81,5.619
36990,9.1469,-152.32,5.6967
37005,4.3149,-159.38,5.8254
37020,5.5167,-152.53,5.9304
37035,8.7991,-140.31,6.2173
37050,9.2746,-146.13,6.5879
37065,9.5678,-137.45,6.8686
37080,6.0012,-174.74,6.9315
37095,12.919,-139.35,7.215
37110,21.787,-118.32,7.7314
37125,16.484,-124.97,7.7217
37140,20.994,-128.04,8.1671
37155,9.2056,-123.29,8.3298
37170,5.429,-133.82,8.1122
37185,6.6689,-122.36,8.1265
37200,4.6181,-109.47,8.2472
37215,2.6693,-116.18,8.096
37230,0.80435,-113.79,8.0914
37245,0.16869,-110.66,7.8143
37260,9.61e-05,-103.74,7.4229
37275,0,-99.078,7.3984
37290,0,-101.1,7.4477
37305,0,-104.26,7.1393
37320,0,-92.739,6.9246
37335,0,-92.176,6.6515
37350,0,-97.772,6.4888
37365,0,-90.623,6.6761
37380,0,-92.837,6.7091
37395,0,-97.533,6.6365
37410,0,-92.109,6.5
37425,0,-95.937,6.0922
37440,0,-97.13,5.5375
37455,0,-97.595,5.2256
37470,0,-92.622,4.8176
37485,0,-94.7,4.8922
37500,0,-92.752,4.4798
37515,0,-94.309,3.288
37530,0,-91.831,3.2426
37545,0,-92.72,3.0014
37560,0,-90.423,2.5757
37575,0,-91.847,2.5362
37590,0,-91.163,2.4947
37605,0,-92.397,2.3099
37620,0,-90.868,2.0972
37635,0,-92.713,2.1403
37650,0.0014079,-91.46,2.2893
37665,0.00087451,-88.855,2.0435
37680,0,-96.015,1.4957
37695,0,-98.3,1.1087
37710,0,-98.954,0.94262
37725,0,-95.503,1.0659
37740,0,-94.683,1.0461
37755,0.016238,-95.025,1.0879
37770,0.14972,-113.46,1.0434
37785,0.83421,-111.84,0.91129
37800,2.0385,-113.83,1.0006
37815,4.1918,-112.18,1.1465
37830,8.4319,-112.77,1.3345
37845,12.958,-111.55,1.9576
37860,17.277,-118.52,2.4016
37875,21.533,-122.96,3.0487
37890,25.93,-120.85,3.4852
37905,30.526,-102.5,3.969
37920,34.641,-113.42,4.7245
37935,38.848,-155.6,5.4918
37950,43.019,-153.13,5.9613
37965,47.417,-158.35,6.4023
37980,51.796,-145.08,6.475
37995,56.048,-156.61,7.0661
38010,56.727,-168.45,7.723
38025,51.979,-159.93,7.9322
38040,66.734,-165.06,7.9275
38055,69.407,-144.47,8.8292
38070,72.33,-151.1,9.0001
38085,75.677,-156.51,9.1022
38100,78.638,-134.49,9.0852
38115,81.307,-123.32,9.5211
38130,82.344,-122.54,10.427
38145,65.306,-136.07,9.9193
38160,89.514,-131.51,10.523
38175,94.256,-119.9,11.019
38190,97.492,-98.54,11.378
38205,96.281,-119.04,12.284
38220,98.874,-131.59,11.295
38235,99.026,-131.73,11.956
38250,100,-120.18,11.823
38265,96.001,-109.91,12.662
38280,58.967,-159.45,12.551
38295,51.625,-174.8,11.819
38310,59.028,-165.35,11.882
38325,91.941,-151.03,12.766
38340,90.651,-108.18,13.056
38355,87.022,-108.04,13.53
38370,82.903,-106.46,13.73
38385,73.283,-96.394,13.216
38400,54.113,-110.9,13.402
38415,55.595,-107.87,12.767
38430,52.533,-110.51,12.859
38445,63.792,-92.764,13.771
38460,51.678,-101.01,13.761
38475,51.984,-99.593,13.843
38490,42.5,-109.69,14.272
38505,28.873,-119.95,13.964
38520,31.547,-116.65,13.589
38535,31.594,-120.99,13.428
38550,19.59,-135.83,13.229
38565,21.79,-127.29,13.525
38580,12.956,-137.72,12.896
38595,12.206,-134.98,12.907
38610,9.0804,-136.65,12.504
38625,7.6717,-134.97,12.164
38640,4.8716,-120.5,11.97
38655,2.9508,-125.51,11.467
38670,1.4835,-117.65,10.756
38685,0.54426,-130.37,10.015
38700,0.23831,-103.93,9.6763
38715,0.015275,-106.46,9.3716
38730,0,-105.04,8.6311
38745,0,-110.15,8.4155
38760,0,-107.84,7.8606
38775,0,-111.17,7.6769
38790,0,-105.35,7.5417
38805,0,-105.96,7.2618
38820,0,-103.68,6.9043
38835,0,-103.63,7.0009
38850,0,-104.92,6.7232
38865,0,-99.778,6.4106
38880,0,-105.96,6.1587
38895,0,-104.22,6.0423
38910,0,-104.66,5.8469
38925,0,-104.26,5.2886
38940,0,-103.78,4.9939
38955,0,-103.19,5.0843
38970,0.0016136,-106.18,5.195
38985,0,-100.59,5.0815
39000,0,-102.92,4.9747
39015,0,-104.08,4.5604
39030,0,-97.572,4.3114
39045,0,-102.64,4.2052
39060,0,-98.289,4.0535
39075,0,-99.189,3.941
39090,0,-97.983,4.0523
39105,0,-97.562,3.6639
39120,0,-103.04,3.7451
39135,0,-105.11,3.5798
39150,0,-103.48,3.4502
39165,0,-101.69,3.2937
39180,0,-101.16,3.0715
39195,0.031822,-104.2,2.8943
39210,0.26488,-114.32,2.6571
39225,1.2933,-117.63,2.7674
39240,3.3635,-120.6,2.8411
39255,4.9172,-114.84,3.2847
39270,10.654,-117.04,3.6347
39285,14.594,-113.9,4.1226
39300,13.25,-119.49,4.6114
39315,20.638,-130.38,5.3965
39330,25.95,-124.77,6.0651
39345,29.386,-119.92,6.6088
39360,35.027,-113.4,6.9978
39375,39.217,-117.41,7.4133
39390,43.437,-109.98,7.9498
39405,47.691,-97.138,8.7404
39420,53.462,-108.61,9.528
39435,59.812,-104.29,10.208
39450,57.113,-120.77,10.465
39465,35.056,-130.22,10.857
39480,35.919,-132.89,10.764
39495,41.124,-142.99,11.048
39510,49.954,-144.11,11.217
39525,54.343,-137.4,11.763
39540,65.102,-104.71,12.413
39555,72.029,-100.14,12.95
39570,76.409,-87.152,12.974
39585,50.849,-117.76,13.357
39600,83.032,-90.822,13.8
39615,74.081,-116.44,14.072
39630,78.91,-86.272,14.131
39645,61.825,-107.09,14.546
39660,54.129,-108.97,13.908
39675,46.1,-121.48,14.401
39690,37.912,-121.31,14.084
39705,31.542,-145.68,14.286
39720,30.511,-153.12,14.219
39735,30.679,-148,14.202
39750,35.984,-142.35,14.518
39765,32.554,-148.07,14.628
39780,42.112,-144.66,14.436
39795,49.497,-128.37,14.867
39810,46.918,-143.17,14.849
39825,41.408,-135.77,14.677
39840,39.415,-139.43,15.018
39855,27.272,-143.7,14.812
39870,39.886,-130.82,14.718
39885,44.801,-126.19,15.289
39900,29.941,-141.12,15.255
39915,39.647,-124.57,15.307
39930,26.98,-140.67,15.259
39945,38.321,-131.87,15.262
39960,35.813,-133.22,15.26
39975,26.243,-130.01,15.45
39990,21.706,-135.57,15.101
40005,14.069,-139.78,14.913
40020,11.735,-142.33,15.133
40035,10.706,-134.13,14.632
40050,9.7248,-135.09,14.225
40065,5.9377,-135.66,14.096
40080,4.4844,-130.6,13.594
40095,3.8745,-131.82,13.302
40110,2.4111,-126,13
40125,0.9888,-131.1,12.761
40140,0.43745,-114.86,12.511
40155,0,-108.74,12.203
40170,0,-111.22,12
40185,0,-108.23,11.903
40200,0,-112.33,11.83
40215,0,-105.16,11.723
40230,0,-116.66,11.438
40245,0,-101.52,11.055
40260,0,-113.35,10.689
40275,0,-100.03,10.432
40290,0,-110.38,10.233
40305,0.00069192,-104.69,10.283
40320,0,-106.01,10.343
40335,0,-106.43,10.053
40350,0,-103.19,9.5757
40365,0,-107.47,9.1902
40380,0,-99.863,8.9036
40395,0,-107.4,8.6817
40410,0,-106.04,8.4515
40425,0,-103.21,8.1883
40440,0,-101.27,7.9431
40455,0,-100.86,7.7202
40470,0,-106.03,7.4933
40485,0,-102.19,7.3064
40500,0,-99.809,7.1733
40515,0,-104.9,7.0512
40530,0,-97.139,6.8942
40545,0,-107.2,6.7702
40560,0,-109.98,6.666
40575,0,-113.79,6.5047
40590,0,-113.49,6.2983
40605,0,-110.29,6.1909
40620,0,-121.77,6.0277
40635,0.00020894,-104.38,5.8445
40650,0.20504,-128.33,5.7045
40665,1.0392,-129.71,5.6298
40680,2.9059,-130.42,5.516
40695,5.725,-125.44,5.6224
40710,8.7403,-123.17,5.8159
40725,12.283,-126.62,6.0669
40740,16.353,-128.71,6.5057
40755,19.974,-136.56,6.6246
40770,24.118,-131.15,6.8607
40785,28.216,-129.24,7.3721
40800,32.557,-157.68,7.7209
40815,36.535,-184.91,7.9384
40830,43.991,-175.71,8.2211
40845,47.629,-138.09,8.5666
40860,50.093,-147.45,8.8141
40875,39.956,-159.33,8.9604
40890,57.456,-135.03,9.4124
40905,58.178,-127.49,9.9745
40920,60.549,-130.15,10.036
40935,62.015,-128.24,10.528
40950,62.846,-139.94,11.272
40965,58.92,-121.16,11.179
40980,70.731,-117.9,11.452
40995,73.383,-109.86,11.195
41010,64.296,-127.48,12.031
41025,66.702,-126.25,11.846
41040,90.963,-99.266,12.457
41055,78.075,-107.59,12.571
41070,81.593,-119.41,13.177
41085,62.856,-113.04,13.432
41100,74.521,-104.84,13.48
41115,39.626,-139.45,14.069
41130,53.749,-131.11,13.918
41145,58.971,-118.72,14.007
41160,81.418,-106.18,14.262
41175,52.181,-128.75,14.381
41190,85.13,-92.718,14.977
41205,72.82,-116.28,14.707
41220,75.042,-126.34,15.092
41235,61.425,-136.9,15.442
41250,27.486,-170.43,14.721
41265,23.02,-153.69,14.652
41280,22.315,-166.63,14.56
41295,40.235,-145.21,14.869
41310,47.928,-149.96,15.178
41325,61.971,-130.11,15.535
41340,52.038,-131.03,15.527
41355,23.603,-140.53,15.01
41370,32.699,-138.22,15.092
41385,9.2849,-158.12,14.508
41400,13.727,-155.8,14.351
41415,12.667,-148.48,14.45
41430,11.369,-147.72,14.166
41445,12.352,-142.04,14.089
41460,16.022,-141.74,14.211
41475,13.483,-144.6,14.769
41490,7.4603,-147.82,14.268
41505,5.8437,-142.54,14.069
41520,4.7639,-130.4,13.731
41535,3.9136,-133.07,13.501
41550,2.3239,-130.35,13.251
41565,0.72023,-128.75,12.634
41580,0.095473,-111.62,12.081
41595,0,-118.84,11.72
41610,0,-115.76,11.492
41625,0,-109.8,11.152
41640,0,-105.04,10.644
41655,0,-107.88,10.306
41670,0,-108.01,10.083
41685,0,-105.04,9.7062
41700,0,-104.43,9.3741
41715,0,-108.49,9.0303
41730,0,-109.82,8.8401
41745,0,-105.33,8.8077
41760,0,-107.22,8.7102
41775,0.005092,-107.86,8.5143
41790,0,-111.22,8.282
41805,0,-112.9,8.0372
41820,0,-103.8,7.7217
41835,0.00072075,-111.07,7.8994
41850,0,-110.09,7.7985
41865,0,-106.62,7.5395
41880,0,-108.99,7.1208
41895,0,-103.55,7.1236
41910,0,-107.17,6.8117
41925,0.0065256,-108.29,6.6524
41940,0,-105.78,6.7985
41955,0,-109.56,6.9732
41970,0,-107.09,7.1735
41985,0,-102.59,7.1723
42000,0,-111.99,7.1517
42015,0,-111.9,7.1467
42030,0,-110.83,7.0378
42045,0,-112.06,6.9413
42060,0,-109.33,6.7266
42075,0,-113.49,6.5268
42090,0.10581,-124.77,6.4897
42105,0.45578,-129.39,6.4497
42120,1.0226,-127.3,6.3639
42135,2.4064,-127.41,6.3618
42150,3.74,-127.95,6.3859
42165,5.1192,-125.2,6.3451
42180,6.354,-129.81,6.5002
42195,7.7395,-131.85,6.5876
42210,11.808,-135.73,6.6103
42225,29.946,-124.33,7.1372
42240,32.968,-119.43,7.7485
42255,30.634,-119.34,7.8259
42270,44.805,-117.36,8.5558
42285,47.956,-137.27,9.3956
42300,51.441,-125.4,9.7321
42315,55.654,-141.52,10.325
42330,59.872,-126.56,10.608
42345,44.873,-151.69,11.175
42360,66.024,-105.39,11.865
42375,68.989,-104.58,12.201
42390,72.258,-95.225,12.899
42405,75.149,-98.465,13.307
42420,77.449,-86.489,13.839
42435,79.331,-86.073,14.457
42450,82.014,-83.915,14.547
42465,61.563,-114.83,14.562
42480,93.643,-89.985,14.949
42495,67.514,-106.8,15.141
42510,84.941,-83.334,15.295
42525,88.8,-75,15.834
42540,57.904,-115.24,15.785
42555,67.016,-91.014,15.495
42570,53.822,-113.67,15.767
42585,61.045,-111.39,15.989
42600,80.445,-113.68,15.848
42615,86.935,-101.12,16.221
42630,85.129,-84.786,16.256
42645,83.002,-79.522,16.351
42660,80.465,-80.239,16.467
42675,78.608,-71.298,16.335
42690,75.274,-88.288,16.541
42705,72.788,-77.996,16.956
42720,70.169,-85.505,16.906
42735,66.626,-93.632,17.05
42750,62.846,-81.235,16.839
42765,59.382,-97.364,17.36
42780,55.569,-93.07,17.285
42795,51.385,-90.43,17.324
42810,47.27,-88.699,17.387
42825,42.941,-102.11,17.724
42840,38.634,-104.72,17.524
42855,34.54,-102.88,17.678
42870,30.254,-110.81,17.571
42885,25.943,-113.6,17.607
42900,21.696,-117.41,17.402
42915,17.62,-101.96,17.369
42930,13.622,-115.52,17.523
42945,9.9753,-121.15,17.414
42960,4.6734,-115.23,16.815
42975,2.0293,-108.38,15.816
42990,1.4961,-97.053,15.019
43005,0.71001,-106.23,14.383
43020,0.063622,-87.402,13.584
43035,0.056695,-95.969,13.248
43050,0.00059751,-88.444,13.147
43065,0,-90.488,12.739
43080,0,-82.717,12.159
43095,0,-86.949,11.497
43110,0,-92.533,11.233
43125,0.0034163,-86.96,11.053
43140,0.040809,-82.08,10.974
43155,0,-84.553,10.914
43170,0.010589,-91.725,10.632
43185,0.002643,-91.566,10.565
43200,0,-90.693,10.39
43215,0,-86.662,10.065
43230,0,-86.085,9.74
43245,0,-81.648,9.4442
43260,0,-94.935,8.9463
43275,0,-83.454,8.4076
43290,0,-88.48,8.245
43305,0,-84.62,7.9075
43320,0.0010032,-88.484,7.4413
43335,6.5897e-05,-89.468,7.4389
43350,0.0027569,-87.567,7.3581
43365,0,-87.554,6.6771
43380,0,-80.649,6.4433
43395,0,-79.481,6.0612
43410,0,-82.148,5.6617
43425,0,-86.028,5.1302
43440,0,-84.854,5.0628
43455,0,-84.446,4.7798
43470,0,-81.013,4.6802
43485,0,-81.719,4.5686
43500,0.0055383,-82.986,4.5595
43515,0.1191,-80.552,4.5717
43530,0.34448,-82.908,4.5175
43545,1.1836,-79.882,4.0378
43560,3.751,-76.821,3.947
43575,7.0916,-70.515,4.5534
43590,11.033,-71.312,5.2132
43605,15.235,-69.067,5.9241
43620,18.897,-79.86,6.7241
43635,23.041,-75.962,7.349
43650,27.245,-72.575,7.9756
43665,31.415,-59.03,8.6363
43680,35.686,-56.483,9.2458
43695,39.937,-47.293,9.9127
43710,44.163,-37.929,10.511
43725,48.303,-24.703,10.698
43740,52.214,-29.505,11.439
43755,56.114,-46.268,12.064
43770,59.876,-30.71,12.678
43785,63.435,-17.43,12.935
43800,66.966,-23.316,13.418
43815,69.834,-19.707,13.867
43830,72.796,-18.3,14.178
43845,75.353,-11.5,14.536
43860,77.781,-12.875,14.691
43875,80.055,-14.842,15.117
43890,82.082,-9.7538,15.196
43905,83.763,-8.4415,15.973
43920,84.91,1.9787,16.18
43935,86.008,-122.72,16.565
43950,86.433,-31.347,16.18
43965,87.125,-9.2037,16.05
43980,87.24,-4.9958,16.5
43995,87.475,-1.4797,16.843
44010,87.394,-1.6362,16.663
44025,86.992,0.022481,17.113
44040,84.672,-2.317,17.385
44055,84.697,-5.8574,17.272
44070,83.438,-6.9321,17.626
44085,81.573,-15.92,18.048
44100,79.675,-6.9255,18.462
44115,77.212,-6.5944,18.702
44130,74.633,-12.838,18.477
44145,71.634,-18.04,19.025
44160,68.479,-30.668,19.048
44175,65.817,-20.937,18.833
44190,61.925,-25.692,19.584
44205,59.354,-22.64,19.32
44220,55.888,-34.013,19.817
44235,44.691,-40.944,19.957
44250,47.133,-42.859,19.727
44265,36.235,-43.643,19.653
44280,33.93,-50.204,19.222
44295,20.302,-60.464,19.382
44310,15.548,-74.685,18.753
44325,11.187,-72.652,18.574
44340,12.605,-73.39,18.455
44355,18.958,-63.38,18.835
44370,19.191,-62.49,19.17
44385,14.482,-75.66,18.882
44400,9.0658,-75.291,18.894
44415,4.5836,-83.759,18.434
44430,2.3129,-80.462,17.628
44445,0.67804,-83.561,16.723
44460,0.088952,-79.881,16.127
44475,0,-79.613,14.855
44490,0,-88.015,14.062
44505,0,-83.96,13.802
44520,5.766e-06,-91.004,13.316
44535,0,-81.997,13.379
44550,0,-81.964,13.347
44565,0,-80.439,12.706
44580,0,-79.943,12.218
44595,0.056647,-85.998,12.233
44610,0.13919,-83.438,12.897
44625,0.014784,-87.298,12.953
44640,0,-84.805,11.83
44655,0,-79.521,11.198
44670,0,-80.139,10.79
44685,0.016358,-80.653,10.886
44700,0.1973,-87.717,11.717
44715,0.016648,-85.854,11.571
44730,0,-86.165,11.143
44745,0,-82.935,9.8899
44760,0,-77.475,9.697
44775,0,-86.217,8.9304
44790,0,-86.895,8.5197
44805,0.016934,-87.397,8.4295
44820,0.02277,-83.794,8.6723
44835,0.093886,-81.092,9.0929
44850,0.054951,-83.554,9.3502
44865,0.030568,-86.021,9.6802
44880,0,-90.951,9.6423
44895,0,-84.556,8.8358
44910,0,-91.474,8.1867
44925,0,-95.246,7.4584
44940,0,-76.118,7.0321
44955,0.031129,-79.619,7.0117
44970,0.38396,-81.741,6.5783
44985,1.219,-80.54,6.6174
45000,2.1794,-78.717,6.7317
45015,4.7953,-79.377,6.801
45030,9.4506,-76.862,7.4702
45045,13.383,-70.119,8.1718
45060,16.989,-71.334,9.1897
45075,21.165,-64.704,10.244
45090,25.283,-63.326,11.121
45105,29.683,-57.539,11.341
45120,34.105,-54.839,11.238
45135,37.969,-51.185,11.521
45150,41.762,-44.121,11.726
45165,46.004,-52.759,12.773
45180,50.147,-28.363,12.795
45195,54.896,-26.883,12.898
45210,58.533,-37.575,13.399
45225,62.541,-92.151,13.53
45240,66.145,-54.096,13.68
45255,69.264,-18.975,13.557
45270,72.707,-19.46,14.225
45285,75.191,-14.627,14.181
45300,76.44,-13.372,14.317
45315,78.741,-8.2965,14.53
45330,82.77,-9.0702,14.78
45345,81.184,-13.674,15.217
45360,84.636,-8.4042,15.486
45375,87.258,-5.1186,15.923
45390,87.245,-2.8771,16.314
45405,87.964,-9.6309,16.976
45420,87.74,1.626,16.684
45435,88.471,-0.51678,17.009
45450,86.866,-7.2146,16.879
45465,84.896,-10.631,17.651
45480,86.81,-0.94938,17.746
